Recipe Name	Image	Materials Needed	Size	Obtained From	Sell Price	NA
Acorn pochette	"<img src=""https://vignette.wikia.nocookie.net/animalcrossing/images/e/e7/NH-Acorn_pochette.png/revision/latest/scale-to-width-down/50?cb=20200329223009"" 	 alt=""NH-Acorn pochette""  	class="""" 	 	data-image-key=""NH-Acorn_pochette.png"" 	data-image-name=""NH-Acorn pochette.png"" 	 	 width=""50""  	 height=""50""  	 	 	 	>"					NA
Apple dress	"<img src=""https://vignette.wikia.nocookie.net/animalcrossing/images/2/2a/NH-Apple_dress.png/revision/latest/scale-to-width-down/50?cb=20200329075814"" 	 alt=""NH-Apple dress""  	class="""" 	 	data-image-key=""NH-Apple_dress.png"" 	data-image-name=""NH-Apple dress.png"" 	 	 width=""50""  	 height=""50""  	 	 	 	>"		"<img src=""https://vignette.wikia.nocookie.net/animalcrossing/images/d/d7/NH1.0x1.0sq.jpg/revision/latest?cb=20200324214412"" 	 alt=""NH1.0x1.0sq""  	class="""" 	 	data-image-key=""NH1.0x1.0sq.jpg"" 	data-image-name=""NH1.0x1.0sq.jpg"" 	 	 width=""31""  	 height=""31""  	 	 	 	>"			NA
Apple hat	"<img src=""https://vignette.wikia.nocookie.net/animalcrossing/images/b/bc/NH-Apple_hat.png/revision/latest/scale-to-width-down/50?cb=20200329080627"" 	 alt=""NH-Apple hat""  	class="""" 	 	data-image-key=""NH-Apple_hat.png"" 	data-image-name=""NH-Apple hat.png"" 	 	 width=""50""  	 height=""50""  	 	 	 	>"		"<img src=""https://vignette.wikia.nocookie.net/animalcrossing/images/d/d7/NH1.0x1.0sq.jpg/revision/latest?cb=20200324214412"" 	 alt=""NH1.0x1.0sq""  	class="""" 	 	data-image-key=""NH1.0x1.0sq.jpg"" 	data-image-name=""NH1.0x1.0sq.jpg"" 	 	 width=""31""  	 height=""31""  	 	 	 	>"			NA
Apple umbrella	"<img src=""https://vignette.wikia.nocookie.net/animalcrossing/images/d/d9/NH-Apple_umbrella.png/revision/latest/scale-to-width-down/50?cb=20200329075746"" 	 alt=""NH-Apple umbrella""  	class="""" 	 	data-image-key=""NH-Apple_umbrella.png"" 	data-image-name=""NH-Apple umbrella.png"" 	 	 width=""50""  	 height=""50""  	 	 	 	>"		"<img src=""https://vignette.wikia.nocookie.net/animalcrossing/images/d/d7/NH1.0x1.0sq.jpg/revision/latest?cb=20200324214412"" 	 alt=""NH1.0x1.0sq""  	class="""" 	 	data-image-key=""NH1.0x1.0sq.jpg"" 	data-image-name=""NH1.0x1.0sq.jpg"" 	 	 width=""31""  	 height=""31""  	 	 	 	>"			NA
Bamboo hat	"<img src=""https://vignette.wikia.nocookie.net/animalcrossing/images/7/7a/NH-Bamboo_hat.png/revision/latest/scale-to-width-down/50?cb=20200329073056"" 	 alt=""NH-Bamboo hat""  	class="""" 	 	data-image-key=""NH-Bamboo_hat.png"" 	data-image-name=""NH-Bamboo hat.png"" 	 	 width=""50""  	 height=""50""  	 	 	 	>"	"10x <img src=""https://vignette.wikia.nocookie.net/animalcrossing/images/a/a3/NH-clump_of_weeds-icon.png/revision/latest/scale-to-width-down/18?cb=20200328193954"" 	 alt=""NH-clump of weeds-icon""  	class="""" 	 	data-image-key=""NH-clump_of_weeds-icon.png"" 	data-image-name=""NH-clump of weeds-icon.png"" 	 	 width=""18""  	 height=""18""  	 	 	 	>clump of weeds"	"<img src=""https://vignette.wikia.nocookie.net/animalcrossing/images/d/d7/NH1.0x1.0sq.jpg/revision/latest?cb=20200324214412"" 	 alt=""NH1.0x1.0sq""  	class="""" 	 	data-image-key=""NH1.0x1.0sq.jpg"" 	data-image-name=""NH1.0x1.0sq.jpg"" 	 	 width=""31""  	 height=""31""  	 	 	 	>"		200 Bells	NA
Basket pack	"<img src=""https://vignette.wikia.nocookie.net/animalcrossing/images/f/fe/NH-Basket_pack.png/revision/latest/scale-to-width-down/50?cb=20200325181530"" 	 alt=""NH-Basket pack""  	class="""" 	 	data-image-key=""NH-Basket_pack.png"" 	data-image-name=""NH-Basket pack.png"" 	 	 width=""50""  	 height=""50""  	 	 	 	>"	"6x <img src=""https://vignette.wikia.nocookie.net/animalcrossing/images/b/b4/NH-young_spring_bamboo-icon.png/revision/latest/scale-to-width-down/18?cb=20200328200219"" 	 alt=""NH-young spring bamboo-icon""  	class="""" 	 	data-image-key=""NH-young_spring_bamboo-icon.png"" 	data-image-name=""NH-young spring bamboo-icon.png"" 	 	 width=""18""  	 height=""18""  	 	 	 	>young spring bamboo"	"<img src=""https://vignette.wikia.nocookie.net/animalcrossing/images/d/d7/NH1.0x1.0sq.jpg/revision/latest?cb=20200324214412"" 	 alt=""NH1.0x1.0sq""  	class="""" 	 	data-image-key=""NH1.0x1.0sq.jpg"" 	data-image-name=""NH1.0x1.0sq.jpg"" 	 	 width=""31""  	 height=""31""  	 	 	 	>"	Balloon	2,400 Bells	NA
Cherry-blossom pochette	"<img src=""https://vignette.wikia.nocookie.net/animalcrossing/images/6/61/NH-Cherry-blossom_pochette.png/revision/latest/scale-to-width-down/50?cb=20200329080641"" 	 alt=""NH-Cherry-blossom pochette""  	class="""" 	 	data-image-key=""NH-Cherry-blossom_pochette.png"" 	data-image-name=""NH-Cherry-blossom pochette.png"" 	 	 width=""50""  	 height=""50""  	 	 	 	>"	6x cherry-blossom petal	"<img src=""https://vignette.wikia.nocookie.net/animalcrossing/images/d/d7/NH1.0x1.0sq.jpg/revision/latest?cb=20200324214412"" 	 alt=""NH1.0x1.0sq""  	class="""" 	 	data-image-key=""NH1.0x1.0sq.jpg"" 	data-image-name=""NH1.0x1.0sq.jpg"" 	 	 width=""31""  	 height=""31""  	 	 	 	>"			NA
Cherry-blossom umbrella	"<img src=""https://vignette.wikia.nocookie.net/animalcrossing/images/6/6e/NH-CHerry-blossom_umbrella.png/revision/latest/scale-to-width-down/50?cb=20200329103215"" 	 alt=""NH-CHerry-blossom umbrella""  	class="""" 	 	data-image-key=""NH-CHerry-blossom_umbrella.png"" 	data-image-name=""NH-CHerry-blossom umbrella.png"" 	 	 width=""50""  	 height=""50""  	 	 	 	>"					NA
Cherry dress	"<img src=""https://vignette.wikia.nocookie.net/animalcrossing/images/1/1c/NH-Cherry_dress.png/revision/latest/scale-to-width-down/50?cb=20200329075728"" 	 alt=""NH-Cherry dress""  	class="""" 	 	data-image-key=""NH-Cherry_dress.png"" 	data-image-name=""NH-Cherry dress.png"" 	 	 width=""50""  	 height=""50""  	 	 	 	>"		"<img src=""https://vignette.wikia.nocookie.net/animalcrossing/images/d/d7/NH1.0x1.0sq.jpg/revision/latest?cb=20200324214412"" 	 alt=""NH1.0x1.0sq""  	class="""" 	 	data-image-key=""NH1.0x1.0sq.jpg"" 	data-image-name=""NH1.0x1.0sq.jpg"" 	 	 width=""31""  	 height=""31""  	 	 	 	>"			NA
Cherry hat	"<img src=""https://vignette.wikia.nocookie.net/animalcrossing/images/1/17/NH-Cherry_hat.png/revision/latest/scale-to-width-down/50?cb=20200329080651"" 	 alt=""NH-Cherry hat""  	class="""" 	 	data-image-key=""NH-Cherry_hat.png"" 	data-image-name=""NH-Cherry hat.png"" 	 	 width=""50""  	 height=""50""  	 	 	 	>"		"<img src=""https://vignette.wikia.nocookie.net/animalcrossing/images/d/d7/NH1.0x1.0sq.jpg/revision/latest?cb=20200324214412"" 	 alt=""NH1.0x1.0sq""  	class="""" 	 	data-image-key=""NH1.0x1.0sq.jpg"" 	data-image-name=""NH1.0x1.0sq.jpg"" 	 	 width=""31""  	 height=""31""  	 	 	 	>"			NA
Cherry umbrella	"<img src=""https://vignette.wikia.nocookie.net/animalcrossing/images/e/e0/NH-Cherry_umbrella.png/revision/latest/scale-to-width-down/50?cb=20200329075701"" 	 alt=""NH-Cherry umbrella""  	class="""" 	 	data-image-key=""NH-Cherry_umbrella.png"" 	data-image-name=""NH-Cherry umbrella.png"" 	 	 width=""50""  	 height=""50""  	 	 	 	>"		"<img src=""https://vignette.wikia.nocookie.net/animalcrossing/images/d/d7/NH1.0x1.0sq.jpg/revision/latest?cb=20200324214412"" 	 alt=""NH1.0x1.0sq""  	class="""" 	 	data-image-key=""NH1.0x1.0sq.jpg"" 	data-image-name=""NH1.0x1.0sq.jpg"" 	 	 width=""31""  	 height=""31""  	 	 	 	>"			NA
Cool pansy crown	"<img src=""https://vignette.wikia.nocookie.net/animalcrossing/images/6/61/NH-Cool_pansy_crown.png/revision/latest/scale-to-width-down/50?cb=20200329072546"" 	 alt=""NH-Cool pansy crown""  	class="""" 	 	data-image-key=""NH-Cool_pansy_crown.png"" 	data-image-name=""NH-Cool pansy crown.png"" 	 	 width=""50""  	 height=""50""  	 	 	 	>"	"3x orange pansies
3x blue pansies"	"<img src=""https://vignette.wikia.nocookie.net/animalcrossing/images/d/d7/NH1.0x1.0sq.jpg/revision/latest?cb=20200324214412"" 	 alt=""NH1.0x1.0sq""  	class="""" 	 	data-image-key=""NH1.0x1.0sq.jpg"" 	data-image-name=""NH1.0x1.0sq.jpg"" 	 	 width=""31""  	 height=""31""  	 	 	 	>"			NA
Cosmos crown	"<img src=""https://vignette.wikia.nocookie.net/animalcrossing/images/9/97/NH-Cosmos_crown.png/revision/latest/scale-to-width-down/50?cb=20200328032421"" 	 alt=""NH-Cosmos crown""  	class="""" 	 	data-image-key=""NH-Cosmos_crown.png"" 	data-image-name=""NH-Cosmos crown.png"" 	 	 width=""50""  	 height=""50""  	 	 	 	>"	"2x <img src=""https://vignette.wikia.nocookie.net/animalcrossing/images/7/7a/NH-red_cosmos-icon.png/revision/latest/scale-to-width-down/18?cb=20200328195609"" 	 alt=""NH-red cosmos-icon""  	class="""" 	 	data-image-key=""NH-red_cosmos-icon.png"" 	data-image-name=""NH-red cosmos-icon.png"" 	 	 width=""18""  	 height=""18""  	 	 	 	>red cosmos
2x <img src=""https://vignette.wikia.nocookie.net/animalcrossing/images/2/2a/NH-yellow_cosmos-icon.png/revision/latest/scale-to-width-down/18?cb=20200328200128"" 	 alt=""NH-yellow cosmos-icon""  	class="""" 	 	data-image-key=""NH-yellow_cosmos-icon.png"" 	data-image-name=""NH-yellow cosmos-icon.png"" 	 	 width=""18""  	 height=""18""  	 	 	 	>yellow cosmos
3x <img src=""https://vignette.wikia.nocookie.net/animalcrossing/images/4/45/NH-white_cosmos-icon.png/revision/latest/scale-to-width-down/18?cb=20200328200039"" 	 alt=""NH-white cosmos-icon""  	class="""" 	 	data-image-key=""NH-white_cosmos-icon.png"" 	data-image-name=""NH-white cosmos-icon.png"" 	 	 width=""18""  	 height=""18""  	 	 	 	>white cosmos"	"<img src=""https://vignette.wikia.nocookie.net/animalcrossing/images/d/d7/NH1.0x1.0sq.jpg/revision/latest?cb=20200324214412"" 	 alt=""NH1.0x1.0sq""  	class="""" 	 	data-image-key=""NH1.0x1.0sq.jpg"" 	data-image-name=""NH1.0x1.0sq.jpg"" 	 	 width=""31""  	 height=""31""  	 	 	 	>"	Message in a bottle		NA
Cute cosmos crown	"<img src=""https://vignette.wikia.nocookie.net/animalcrossing/images/9/9a/NH-Cosmos_crown_variation2.png/revision/latest/scale-to-width-down/50?cb=20200329223037"" 	 alt=""NH-Cosmos crown variation2""  	class="""" 	 	data-image-key=""NH-Cosmos_crown_variation2.png"" 	data-image-name=""NH-Cosmos crown variation2.png"" 	 	 width=""50""  	 height=""50""  	 	 	 	>"					NA
Cute lily crown	"<img src=""https://vignette.wikia.nocookie.net/animalcrossing/images/9/9e/NH-Cute_lily_crown.png/revision/latest/scale-to-width-down/50?cb=20200329072944"" 	 alt=""NH-Cute lily crown""  	class="""" 	 	data-image-key=""NH-Cute_lily_crown.png"" 	data-image-name=""NH-Cute lily crown.png"" 	 	 width=""50""  	 height=""50""  	 	 	 	>"	"2x red lilies
2x orange lilies
2x white lilies"	"<img src=""https://vignette.wikia.nocookie.net/animalcrossing/images/d/d7/NH1.0x1.0sq.jpg/revision/latest?cb=20200324214412"" 	 alt=""NH1.0x1.0sq""  	class="""" 	 	data-image-key=""NH1.0x1.0sq.jpg"" 	data-image-name=""NH1.0x1.0sq.jpg"" 	 	 width=""31""  	 height=""31""  	 	 	 	>"	Island resident		NA
Cute mum crown	"<img src=""https://vignette.wikia.nocookie.net/animalcrossing/images/7/7d/NH-Mum_crown-variation2.png/revision/latest/scale-to-width-down/50?cb=20200329223051"" 	 alt=""NH-Mum crown-variation2""  	class="""" 	 	data-image-key=""NH-Mum_crown-variation2.png"" 	data-image-name=""NH-Mum crown-variation2.png"" 	 	 width=""50""  	 height=""50""  	 	 	 	>"					NA
Cute rose crown	"<img src=""https://vignette.wikia.nocookie.net/animalcrossing/images/2/25/NH-Cute_rose_crown.png/revision/latest/scale-to-width-down/50?cb=20200327140046"" 	 alt=""NH-Cute rose crown""  	class="""" 	 	data-image-key=""NH-Cute_rose_crown.png"" 	data-image-name=""NH-Cute rose crown.png"" 	 	 width=""50""  	 height=""50""  	 	 	 	>"	"3x pink roses
3x orange roses"	"<img src=""https://vignette.wikia.nocookie.net/animalcrossing/images/d/d7/NH1.0x1.0sq.jpg/revision/latest?cb=20200324214412"" 	 alt=""NH1.0x1.0sq""  	class="""" 	 	data-image-key=""NH1.0x1.0sq.jpg"" 	data-image-name=""NH1.0x1.0sq.jpg"" 	 	 width=""31""  	 height=""31""  	 	 	 	>"	Message in a bottle	960 Bells	NA
Cute tulip crown	"<img src=""https://vignette.wikia.nocookie.net/animalcrossing/images/2/24/NH-Cute_tulip_crown.png/revision/latest/scale-to-width-down/50?cb=20200329223102"" 	 alt=""NH-Cute tulip crown""  	class="""" 	 	data-image-key=""NH-Cute_tulip_crown.png"" 	data-image-name=""NH-Cute tulip crown.png"" 	 	 width=""50""  	 height=""50""  	 	 	 	>"					NA
Cute windflower crown	"<img src=""https://vignette.wikia.nocookie.net/animalcrossing/images/c/cf/NH-windflower_crown_variation2.png/revision/latest/scale-to-width-down/50?cb=20200329223115"" 	 alt=""NH-windflower crown variation2""  	class="""" 	 	data-image-key=""NH-windflower_crown_variation2.png"" 	data-image-name=""NH-windflower crown variation2.png"" 	 	 width=""50""  	 height=""50""  	 	 	 	>"					NA
Gold armor	"<img src=""https://vignette.wikia.nocookie.net/animalcrossing/images/e/e4/NH-Gold_armor.png/revision/latest/scale-to-width-down/50?cb=20200329062758"" 	 alt=""NH-Gold armor""  	class="""" 	 	data-image-key=""NH-Gold_armor.png"" 	data-image-name=""NH-Gold armor.png"" 	 	 width=""50""  	 height=""50""  	 	 	 	>"	"8x <img src=""https://vignette.wikia.nocookie.net/animalcrossing/images/0/08/NH-gold_nugget-icon.png/revision/latest/scale-to-width-down/18?cb=20200328211158"" 	 alt=""NH-gold nugget-icon""  	class="""" 	 	data-image-key=""NH-gold_nugget-icon.png"" 	data-image-name=""NH-gold nugget-icon.png"" 	 	 width=""18""  	 height=""18""  	 	 	 	>gold nugget"	"<img src=""https://vignette.wikia.nocookie.net/animalcrossing/images/d/d7/NH1.0x1.0sq.jpg/revision/latest?cb=20200324214412"" 	 alt=""NH1.0x1.0sq""  	class="""" 	 	data-image-key=""NH1.0x1.0sq.jpg"" 	data-image-name=""NH1.0x1.0sq.jpg"" 	 	 width=""31""  	 height=""31""  	 	 	 	>"	Message in a bottle		NA
Gold boots	"<img src=""https://vignette.wikia.nocookie.net/animalcrossing/images/1/1e/NH-Gold_boots.png/revision/latest/scale-to-width-down/50?cb=20200329223132"" 	 alt=""NH-Gold boots""  	class="""" 	 	data-image-key=""NH-Gold_boots.png"" 	data-image-name=""NH-Gold boots.png"" 	 	 width=""50""  	 height=""50""  	 	 	 	>"					NA
Gold helmet	"<img src=""https://vignette.wikia.nocookie.net/animalcrossing/images/9/9b/NH-Gold_helmet.png/revision/latest/scale-to-width-down/50?cb=20200329223143"" 	 alt=""NH-Gold helmet""  	class="""" 	 	data-image-key=""NH-Gold_helmet.png"" 	data-image-name=""NH-Gold helmet.png"" 	 	 width=""50""  	 height=""50""  	 	 	 	>"					NA
Gold rose crown	"<img src=""https://vignette.wikia.nocookie.net/animalcrossing/images/0/0b/NH-Gold_rose_crown.png/revision/latest/scale-to-width-down/50?cb=20200329223151"" 	 alt=""NH-Gold rose crown""  	class="""" 	 	data-image-key=""NH-Gold_rose_crown.png"" 	data-image-name=""NH-Gold rose crown.png"" 	 	 width=""50""  	 height=""50""  	 	 	 	>"					NA
Grass skirt	"<img src=""https://vignette.wikia.nocookie.net/animalcrossing/images/5/5e/NH-Grass_skirt.png/revision/latest/scale-to-width-down/50?cb=20200327133911"" 	 alt=""NH-Grass skirt""  	class="""" 	 	data-image-key=""NH-Grass_skirt.png"" 	data-image-name=""NH-Grass skirt.png"" 	 	 width=""50""  	 height=""50""  	 	 	 	>"	"7x <img src=""https://vignette.wikia.nocookie.net/animalcrossing/images/a/a3/NH-clump_of_weeds-icon.png/revision/latest/scale-to-width-down/18?cb=20200328193954"" 	 alt=""NH-clump of weeds-icon""  	class="""" 	 	data-image-key=""NH-clump_of_weeds-icon.png"" 	data-image-name=""NH-clump of weeds-icon.png"" 	 	 width=""18""  	 height=""18""  	 	 	 	>clump of weeds"	"<img src=""https://vignette.wikia.nocookie.net/animalcrossing/images/d/d7/NH1.0x1.0sq.jpg/revision/latest?cb=20200324214412"" 	 alt=""NH1.0x1.0sq""  	class="""" 	 	data-image-key=""NH1.0x1.0sq.jpg"" 	data-image-name=""NH1.0x1.0sq.jpg"" 	 	 width=""31""  	 height=""31""  	 	 	 	>"	Island resident		NA
Green grass skirt	"<img src=""https://vignette.wikia.nocookie.net/animalcrossing/images/0/04/NH-Green_grass_skirt.png/revision/latest/scale-to-width-down/50?cb=20200329223208"" 	 alt=""NH-Green grass skirt""  	class="""" 	 	data-image-key=""NH-Green_grass_skirt.png"" 	data-image-name=""NH-Green grass skirt.png"" 	 	 width=""50""  	 height=""50""  	 	 	 	>"					NA
Hyacinth crown	"<img src=""https://vignette.wikia.nocookie.net/animalcrossing/images/b/b3/NH-Hyacinth_crown.png/revision/latest/scale-to-width-down/50?cb=20200327135953"" 	 alt=""NH-Hyacinth crown""  	class="""" 	 	data-image-key=""NH-Hyacinth_crown.png"" 	data-image-name=""NH-Hyacinth crown.png"" 	 	 width=""50""  	 height=""50""  	 	 	 	>"		"<img src=""https://vignette.wikia.nocookie.net/animalcrossing/images/d/d7/NH1.0x1.0sq.jpg/revision/latest?cb=20200324214412"" 	 alt=""NH1.0x1.0sq""  	class="""" 	 	data-image-key=""NH1.0x1.0sq.jpg"" 	data-image-name=""NH1.0x1.0sq.jpg"" 	 	 width=""31""  	 height=""31""  	 	 	 	>"			NA
Knitted-grass backpack	"<img src=""https://vignette.wikia.nocookie.net/animalcrossing/images/4/49/NH-Grass-knitted_backpack.png/revision/latest/scale-to-width-down/50?cb=20200329062844"" 	 alt=""NH-Grass-knitted backpack""  	class="""" 	 	data-image-key=""NH-Grass-knitted_backpack.png"" 	data-image-name=""NH-Grass-knitted backpack.png"" 	 	 width=""50""  	 height=""50""  	 	 	 	>"	"20x <img src=""https://vignette.wikia.nocookie.net/animalcrossing/images/a/a3/NH-clump_of_weeds-icon.png/revision/latest/scale-to-width-down/18?cb=20200328193954"" 	 alt=""NH-clump of weeds-icon""  	class="""" 	 	data-image-key=""NH-clump_of_weeds-icon.png"" 	data-image-name=""NH-clump of weeds-icon.png"" 	 	 width=""18""  	 height=""18""  	 	 	 	>clump of weeds"	"<img src=""https://vignette.wikia.nocookie.net/animalcrossing/images/d/d7/NH1.0x1.0sq.jpg/revision/latest?cb=20200324214412"" 	 alt=""NH1.0x1.0sq""  	class="""" 	 	data-image-key=""NH1.0x1.0sq.jpg"" 	data-image-name=""NH1.0x1.0sq.jpg"" 	 	 width=""31""  	 height=""31""  	 	 	 	>"			NA
Iron armor	"<img src=""https://vignette.wikia.nocookie.net/animalcrossing/images/a/aa/NH-Iron_armor.png/revision/latest/scale-to-width-down/50?cb=20200329223218"" 	 alt=""NH-Iron armor""  	class="""" 	 	data-image-key=""NH-Iron_armor.png"" 	data-image-name=""NH-Iron armor.png"" 	 	 width=""50""  	 height=""50""  	 	 	 	>"					NA
Iron boots	"<img src=""https://vignette.wikia.nocookie.net/animalcrossing/images/d/d3/NH-Iron_boots.png/revision/latest/scale-to-width-down/50?cb=20200329223231"" 	 alt=""NH-Iron boots""  	class="""" 	 	data-image-key=""NH-Iron_boots.png"" 	data-image-name=""NH-Iron boots.png"" 	 	 width=""50""  	 height=""50""  	 	 	 	>"					NA
Iron helmet	"<img src=""https://vignette.wikia.nocookie.net/animalcrossing/images/3/3a/NH-Iron_helmet.png/revision/latest/scale-to-width-down/50?cb=20200329223242"" 	 alt=""NH-Iron helmet""  	class="""" 	 	data-image-key=""NH-Iron_helmet.png"" 	data-image-name=""NH-Iron helmet.png"" 	 	 width=""50""  	 height=""50""  	 	 	 	>"					NA
Leaf	"<img src=""https://vignette.wikia.nocookie.net/animalcrossing/images/c/c5/NH-Leaf_accessory.png/revision/latest/scale-to-width-down/50?cb=20200329223601"" 	 alt=""NH-Leaf accessory""  	class="""" 	 	data-image-key=""NH-Leaf_accessory.png"" 	data-image-name=""NH-Leaf accessory.png"" 	 	 width=""50""  	 height=""50""  	 	 	 	>"	"5x <img src=""https://vignette.wikia.nocookie.net/animalcrossing/images/a/a3/NH-clump_of_weeds-icon.png/revision/latest/scale-to-width-down/18?cb=20200328193954"" 	 alt=""NH-clump of weeds-icon""  	class="""" 	 	data-image-key=""NH-clump_of_weeds-icon.png"" 	data-image-name=""NH-clump of weeds-icon.png"" 	 	 width=""18""  	 height=""18""  	 	 	 	>clump of weeds"	"<img src=""https://vignette.wikia.nocookie.net/animalcrossing/images/d/d7/NH1.0x1.0sq.jpg/revision/latest?cb=20200324214412"" 	 alt=""NH1.0x1.0sq""  	class="""" 	 	data-image-key=""NH1.0x1.0sq.jpg"" 	data-image-name=""NH1.0x1.0sq.jpg"" 	 	 width=""31""  	 height=""31""  	 	 	 	>"	Island resident	80 Bells	NA
Leaf mask	"<img src=""https://vignette.wikia.nocookie.net/animalcrossing/images/1/12/NH-Leaf_mask.png/revision/latest/scale-to-width-down/50?cb=20200328211026"" 	 alt=""NH-Leaf mask""  	class="""" 	 	data-image-key=""NH-Leaf_mask.png"" 	data-image-name=""NH-Leaf mask.png"" 	 	 width=""50""  	 height=""50""  	 	 	 	>"		"<img src=""https://vignette.wikia.nocookie.net/animalcrossing/images/d/d7/NH1.0x1.0sq.jpg/revision/latest?cb=20200324214412"" 	 alt=""NH1.0x1.0sq""  	class="""" 	 	data-image-key=""NH1.0x1.0sq.jpg"" 	data-image-name=""NH1.0x1.0sq.jpg"" 	 	 width=""31""  	 height=""31""  	 	 	 	>"	Island resident		NA
Leaf umbrella	"<img src=""https://vignette.wikia.nocookie.net/animalcrossing/images/f/fd/NH-Leaf_umbrella.png/revision/latest/scale-to-width-down/50?cb=20200325181931"" 	 alt=""NH-Leaf umbrella""  	class="""" 	 	data-image-key=""NH-Leaf_umbrella.png"" 	data-image-name=""NH-Leaf umbrella.png"" 	 	 width=""50""  	 height=""50""  	 	 	 	>"	"15x <img src=""https://vignette.wikia.nocookie.net/animalcrossing/images/a/a3/NH-clump_of_weeds-icon.png/revision/latest/scale-to-width-down/18?cb=20200328193954"" 	 alt=""NH-clump of weeds-icon""  	class="""" 	 	data-image-key=""NH-clump_of_weeds-icon.png"" 	data-image-name=""NH-clump of weeds-icon.png"" 	 	 width=""18""  	 height=""18""  	 	 	 	>clump of weeds"	"<img src=""https://vignette.wikia.nocookie.net/animalcrossing/images/d/d7/NH1.0x1.0sq.jpg/revision/latest?cb=20200324214412"" 	 alt=""NH1.0x1.0sq""  	class="""" 	 	data-image-key=""NH1.0x1.0sq.jpg"" 	data-image-name=""NH1.0x1.0sq.jpg"" 	 	 width=""31""  	 height=""31""  	 	 	 	>"	Island resident	300 Bells	NA
Lily crown	"<img src=""https://vignette.wikia.nocookie.net/animalcrossing/images/c/cb/NH-Lily_crown.png/revision/latest/scale-to-width-down/50?cb=20200330021842"" 	 alt=""NH-Lily crown""  	class="""" 	 	data-image-key=""NH-Lily_crown.png"" 	data-image-name=""NH-Lily crown.png"" 	 	 width=""50""  	 height=""50""  	 	 	 	>"	"2x red lilies
2x yellow lilies
2x white lilies"	"<img src=""https://vignette.wikia.nocookie.net/animalcrossing/images/d/d7/NH1.0x1.0sq.jpg/revision/latest?cb=20200324214412"" 	 alt=""NH1.0x1.0sq""  	class="""" 	 	data-image-key=""NH1.0x1.0sq.jpg"" 	data-image-name=""NH1.0x1.0sq.jpg"" 	 	 width=""31""  	 height=""31""  	 	 	 	>"			NA
Log pack	"<img src=""https://vignette.wikia.nocookie.net/animalcrossing/images/0/0d/NH-Log_pack.png/revision/latest/scale-to-width-down/50?cb=20200326065343"" 	 alt=""NH-Log pack""  	class="""" 	 	data-image-key=""NH-Log_pack.png"" 	data-image-name=""NH-Log pack.png"" 	 	 width=""50""  	 height=""50""  	 	 	 	>"	"3x <img src=""https://vignette.wikia.nocookie.net/animalcrossing/images/0/0d/NH-wood-icon.png/revision/latest/scale-to-width-down/18?cb=20200328200105"" 	 alt=""NH-wood-icon""  	class="""" 	 	data-image-key=""NH-wood-icon.png"" 	data-image-name=""NH-wood-icon.png"" 	 	 width=""18""  	 height=""18""  	 	 	 	>wood
5x <img src=""https://vignette.wikia.nocookie.net/animalcrossing/images/4/4c/NH-hardwood-icon.png/revision/latest/scale-to-width-down/18?cb=20200328195048"" 	 alt=""NH-hardwood-icon""  	class="""" 	 	data-image-key=""NH-hardwood-icon.png"" 	data-image-name=""NH-hardwood-icon.png"" 	 	 width=""18""  	 height=""18""  	 	 	 	>hardwood"	"<img src=""https://vignette.wikia.nocookie.net/animalcrossing/images/d/d7/NH1.0x1.0sq.jpg/revision/latest?cb=20200324214412"" 	 alt=""NH1.0x1.0sq""  	class="""" 	 	data-image-key=""NH1.0x1.0sq.jpg"" 	data-image-name=""NH1.0x1.0sq.jpg"" 	 	 width=""31""  	 height=""31""  	 	 	 	>"	Balloon	960 Bells	NA
Maple-leaf pochette	"<img src=""https://vignette.wikia.nocookie.net/animalcrossing/images/9/97/NH-Maple-leaf_pochette.png/revision/latest/scale-to-width-down/50?cb=20200329223254"" 	 alt=""NH-Maple-leaf pochette""  	class="""" 	 	data-image-key=""NH-Maple-leaf_pochette.png"" 	data-image-name=""NH-Maple-leaf pochette.png"" 	 	 width=""50""  	 height=""50""  	 	 	 	>"					NA
Maple-leaf umbrella	"<img src=""https://vignette.wikia.nocookie.net/animalcrossing/images/1/1d/NH-Maple-leaf_umbrella.png/revision/latest/scale-to-width-down/50?cb=20200329223304"" 	 alt=""NH-Maple-leaf umbrella""  	class="""" 	 	data-image-key=""NH-Maple-leaf_umbrella.png"" 	data-image-name=""NH-Maple-leaf umbrella.png"" 	 	 width=""50""  	 height=""50""  	 	 	 	>"		"<img src=""https://vignette.wikia.nocookie.net/animalcrossing/images/d/d7/NH1.0x1.0sq.jpg/revision/latest?cb=20200324214412"" 	 alt=""NH1.0x1.0sq""  	class="""" 	 	data-image-key=""NH1.0x1.0sq.jpg"" 	data-image-name=""NH1.0x1.0sq.jpg"" 	 	 width=""31""  	 height=""31""  	 	 	 	>"			NA
Mushroom umbrella	"<img src=""https://vignette.wikia.nocookie.net/animalcrossing/images/3/3e/NH-Mushroom_umbrella.png/revision/latest/scale-to-width-down/50?cb=20200329090952"" 	 alt=""NH-Mushroom umbrella""  	class="""" 	 	data-image-key=""NH-Mushroom_umbrella.png"" 	data-image-name=""NH-Mushroom umbrella.png"" 	 	 width=""50""  	 height=""50""  	 	 	 	>"		"<img src=""https://vignette.wikia.nocookie.net/animalcrossing/images/d/d7/NH1.0x1.0sq.jpg/revision/latest?cb=20200324214412"" 	 alt=""NH1.0x1.0sq""  	class="""" 	 	data-image-key=""NH1.0x1.0sq.jpg"" 	data-image-name=""NH1.0x1.0sq.jpg"" 	 	 width=""31""  	 height=""31""  	 	 	 	>"			NA
Orange dress	"<img src=""https://vignette.wikia.nocookie.net/animalcrossing/images/b/be/NH-Orange_dress.png/revision/latest/scale-to-width-down/50?cb=20200329075643"" 	 alt=""NH-Orange dress""  	class="""" 	 	data-image-key=""NH-Orange_dress.png"" 	data-image-name=""NH-Orange dress.png"" 	 	 width=""50""  	 height=""50""  	 	 	 	>"		"<img src=""https://vignette.wikia.nocookie.net/animalcrossing/images/d/d7/NH1.0x1.0sq.jpg/revision/latest?cb=20200324214412"" 	 alt=""NH1.0x1.0sq""  	class="""" 	 	data-image-key=""NH1.0x1.0sq.jpg"" 	data-image-name=""NH1.0x1.0sq.jpg"" 	 	 width=""31""  	 height=""31""  	 	 	 	>"			NA
Orange hat	"<img src=""https://vignette.wikia.nocookie.net/animalcrossing/images/4/48/NH-Orange_hat.png/revision/latest/scale-to-width-down/50?cb=20200329080704"" 	 alt=""NH-Orange hat""  	class="""" 	 	data-image-key=""NH-Orange_hat.png"" 	data-image-name=""NH-Orange hat.png"" 	 	 width=""50""  	 height=""50""  	 	 	 	>"		"<img src=""https://vignette.wikia.nocookie.net/animalcrossing/images/d/d7/NH1.0x1.0sq.jpg/revision/latest?cb=20200324214412"" 	 alt=""NH1.0x1.0sq""  	class="""" 	 	data-image-key=""NH1.0x1.0sq.jpg"" 	data-image-name=""NH1.0x1.0sq.jpg"" 	 	 width=""31""  	 height=""31""  	 	 	 	>"			NA
Orange umbrella	"<img src=""https://vignette.wikia.nocookie.net/animalcrossing/images/3/35/NH-Orange_umbrella.png/revision/latest/scale-to-width-down/50?cb=20200329075623"" 	 alt=""NH-Orange umbrella""  	class="""" 	 	data-image-key=""NH-Orange_umbrella.png"" 	data-image-name=""NH-Orange umbrella.png"" 	 	 width=""50""  	 height=""50""  	 	 	 	>"		"<img src=""https://vignette.wikia.nocookie.net/animalcrossing/images/d/d7/NH1.0x1.0sq.jpg/revision/latest?cb=20200324214412"" 	 alt=""NH1.0x1.0sq""  	class="""" 	 	data-image-key=""NH1.0x1.0sq.jpg"" 	data-image-name=""NH1.0x1.0sq.jpg"" 	 	 width=""31""  	 height=""31""  	 	 	 	>"			NA
Peach dress	"<img src=""https://vignette.wikia.nocookie.net/animalcrossing/images/7/73/NH-Peach_dress.png/revision/latest/scale-to-width-down/50?cb=20200329075532"" 	 alt=""NH-Peach dress""  	class="""" 	 	data-image-key=""NH-Peach_dress.png"" 	data-image-name=""NH-Peach dress.png"" 	 	 width=""50""  	 height=""50""  	 	 	 	>"	"8x <img src=""https://vignette.wikia.nocookie.net/animalcrossing/images/f/ff/NH-peach-icon.png/revision/latest/scale-to-width-down/18?cb=20200328195517"" 	 alt=""NH-peach-icon""  	class="""" 	 	data-image-key=""NH-peach-icon.png"" 	data-image-name=""NH-peach-icon.png"" 	 	 width=""18""  	 height=""18""  	 	 	 	>peach"	"<img src=""https://vignette.wikia.nocookie.net/animalcrossing/images/d/d7/NH1.0x1.0sq.jpg/revision/latest?cb=20200324214412"" 	 alt=""NH1.0x1.0sq""  	class="""" 	 	data-image-key=""NH1.0x1.0sq.jpg"" 	data-image-name=""NH1.0x1.0sq.jpg"" 	 	 width=""31""  	 height=""31""  	 	 	 	>"	Message in a bottle	1,600 Bells	NA
Peach hat	"<img src=""https://vignette.wikia.nocookie.net/animalcrossing/images/e/eb/NH-Peach_hat.png/revision/latest/scale-to-width-down/50?cb=20200329080716"" 	 alt=""NH-Peach hat""  	class="""" 	 	data-image-key=""NH-Peach_hat.png"" 	data-image-name=""NH-Peach hat.png"" 	 	 width=""50""  	 height=""50""  	 	 	 	>"		"<img src=""https://vignette.wikia.nocookie.net/animalcrossing/images/d/d7/NH1.0x1.0sq.jpg/revision/latest?cb=20200324214412"" 	 alt=""NH1.0x1.0sq""  	class="""" 	 	data-image-key=""NH1.0x1.0sq.jpg"" 	data-image-name=""NH1.0x1.0sq.jpg"" 	 	 width=""31""  	 height=""31""  	 	 	 	>"			NA
Peach umbrella	"<img src=""https://vignette.wikia.nocookie.net/animalcrossing/images/d/de/NH-Peach_umbrella.png/revision/latest/scale-to-width-down/50?cb=20200329075517"" 	 alt=""NH-Peach umbrella""  	class="""" 	 	data-image-key=""NH-Peach_umbrella.png"" 	data-image-name=""NH-Peach umbrella.png"" 	 	 width=""50""  	 height=""50""  	 	 	 	>"		"<img src=""https://vignette.wikia.nocookie.net/animalcrossing/images/d/d7/NH1.0x1.0sq.jpg/revision/latest?cb=20200324214412"" 	 alt=""NH1.0x1.0sq""  	class="""" 	 	data-image-key=""NH1.0x1.0sq.jpg"" 	data-image-name=""NH1.0x1.0sq.jpg"" 	 	 width=""31""  	 height=""31""  	 	 	 	>"			NA
Pear dress	"<img src=""https://vignette.wikia.nocookie.net/animalcrossing/images/6/65/NH-pear_dress-diy-recipes.png/revision/latest/scale-to-width-down/50?cb=20200328225830"" 	 alt=""NH-pear dress-diy-recipes""  	class="""" 	 	data-image-key=""NH-pear_dress-diy-recipes.png"" 	data-image-name=""NH-pear dress-diy-recipes.png"" 	 	 width=""50""  	 height=""68""  	 	 	 	>"	"8x <img src=""https://vignette.wikia.nocookie.net/animalcrossing/images/f/fe/NH-Pear-icon.png/revision/latest/scale-to-width-down/18?cb=20200328190014"" 	 alt=""NH-Pear-icon""  	class="""" 	 	data-image-key=""NH-Pear-icon.png"" 	data-image-name=""NH-Pear-icon.png"" 	 	 width=""18""  	 height=""18""  	 	 	 	>pear"	"<img src=""https://vignette.wikia.nocookie.net/animalcrossing/images/d/d7/NH1.0x1.0sq.jpg/revision/latest?cb=20200324214412"" 	 alt=""NH1.0x1.0sq""  	class="""" 	 	data-image-key=""NH1.0x1.0sq.jpg"" 	data-image-name=""NH1.0x1.0sq.jpg"" 	 	 width=""31""  	 height=""31""  	 	 	 	>"			NA
Pear hat	"<img src=""https://vignette.wikia.nocookie.net/animalcrossing/images/8/81/NH-Pear_hat.png/revision/latest/scale-to-width-down/50?cb=20200329080732"" 	 alt=""NH-Pear hat""  	class="""" 	 	data-image-key=""NH-Pear_hat.png"" 	data-image-name=""NH-Pear hat.png"" 	 	 width=""50""  	 height=""50""  	 	 	 	>"		"<img src=""https://vignette.wikia.nocookie.net/animalcrossing/images/d/d7/NH1.0x1.0sq.jpg/revision/latest?cb=20200324214412"" 	 alt=""NH1.0x1.0sq""  	class="""" 	 	data-image-key=""NH1.0x1.0sq.jpg"" 	data-image-name=""NH1.0x1.0sq.jpg"" 	 	 width=""31""  	 height=""31""  	 	 	 	>"			NA
Pear umbrella	"<img src=""https://vignette.wikia.nocookie.net/animalcrossing/images/c/cb/NH-Pear_umbrella.png/revision/latest/scale-to-width-down/50?cb=20200329075458"" 	 alt=""NH-Pear umbrella""  	class="""" 	 	data-image-key=""NH-Pear_umbrella.png"" 	data-image-name=""NH-Pear umbrella.png"" 	 	 width=""50""  	 height=""50""  	 	 	 	>"		"<img src=""https://vignette.wikia.nocookie.net/animalcrossing/images/d/d7/NH1.0x1.0sq.jpg/revision/latest?cb=20200324214412"" 	 alt=""NH1.0x1.0sq""  	class="""" 	 	data-image-key=""NH1.0x1.0sq.jpg"" 	data-image-name=""NH1.0x1.0sq.jpg"" 	 	 width=""31""  	 height=""31""  	 	 	 	>"			NA
Pansy crown	"<img src=""https://vignette.wikia.nocookie.net/animalcrossing/images/1/1e/NH-Pansy_crown.png/revision/latest/scale-to-width-down/50?cb=20200325182057"" 	 alt=""NH-Pansy crown""  	class="""" 	 	data-image-key=""NH-Pansy_crown.png"" 	data-image-name=""NH-Pansy crown.png"" 	 	 width=""50""  	 height=""50""  	 	 	 	>"	"2x 18pxred pansies
2x <img src=""https://vignette.wikia.nocookie.net/animalcrossing/images/9/96/NH-yellow_pansies-icon.png/revision/latest/scale-to-width-down/18?cb=20200328200152"" 	 alt=""NH-yellow pansies-icon""  	class="""" 	 	data-image-key=""NH-yellow_pansies-icon.png"" 	data-image-name=""NH-yellow pansies-icon.png"" 	 	 width=""18""  	 height=""18""  	 	 	 	>yellow pansies
2x 18pxwhite pansies"	"<img src=""https://vignette.wikia.nocookie.net/animalcrossing/images/d/d7/NH1.0x1.0sq.jpg/revision/latest?cb=20200324214412"" 	 alt=""NH1.0x1.0sq""  	class="""" 	 	data-image-key=""NH1.0x1.0sq.jpg"" 	data-image-name=""NH1.0x1.0sq.jpg"" 	 	 width=""31""  	 height=""31""  	 	 	 	>"	Message in a bottle		NA
Recycled boots	"<img src=""https://vignette.wikia.nocookie.net/animalcrossing/images/2/2b/NH-Recycled_boots.png/revision/latest/scale-to-width-down/50?cb=20200325182125"" 	 alt=""NH-Recycled boots""  	class="""" 	 	data-image-key=""NH-Recycled_boots.png"" 	data-image-name=""NH-Recycled boots.png"" 	 	 width=""50""  	 height=""50""  	 	 	 	>"	"2x <img src=""https://vignette.wikia.nocookie.net/animalcrossing/images/1/1b/NH-boot-icon.png/revision/latest/scale-to-width-down/18?cb=20200328194516"" 	 alt=""NH-boot-icon""  	class="""" 	 	data-image-key=""NH-boot-icon.png"" 	data-image-name=""NH-boot-icon.png"" 	 	 width=""18""  	 height=""18""  	 	 	 	>boot"	"<img src=""https://vignette.wikia.nocookie.net/animalcrossing/images/d/d7/NH1.0x1.0sq.jpg/revision/latest?cb=20200324214412"" 	 alt=""NH1.0x1.0sq""  	class="""" 	 	data-image-key=""NH1.0x1.0sq.jpg"" 	data-image-name=""NH1.0x1.0sq.jpg"" 	 	 width=""31""  	 height=""31""  	 	 	 	>"	Fishing up a boot	40 Bells	NA
Rose crown	"<img src=""https://vignette.wikia.nocookie.net/animalcrossing/images/c/ce/NH-Rose_crown.png/revision/latest/scale-to-width-down/50?cb=20200325182140"" 	 alt=""NH-Rose crown""  	class="""" 	 	data-image-key=""NH-Rose_crown.png"" 	data-image-name=""NH-Rose crown.png"" 	 	 width=""50""  	 height=""50""  	 	 	 	>"	"2x red rose
2x yellow rose
2x white rose"	"<img src=""https://vignette.wikia.nocookie.net/animalcrossing/images/d/d7/NH1.0x1.0sq.jpg/revision/latest?cb=20200324214412"" 	 alt=""NH1.0x1.0sq""  	class="""" 	 	data-image-key=""NH1.0x1.0sq.jpg"" 	data-image-name=""NH1.0x1.0sq.jpg"" 	 	 width=""31""  	 height=""31""  	 	 	 	>"			NA
Shell pochette	"<img src=""https://vignette.wikia.nocookie.net/animalcrossing/images/8/86/NH-Shell_pochette.png/revision/latest/scale-to-width-down/50?cb=20200329223317"" 	 alt=""NH-Shell pochette""  	class="""" 	 	data-image-key=""NH-Shell_pochette.png"" 	data-image-name=""NH-Shell pochette.png"" 	 	 width=""50""  	 height=""50""  	 	 	 	>"					NA
Snowflake pochette	"<img src=""https://vignette.wikia.nocookie.net/animalcrossing/images/c/c6/NH-Snowflake_pochette.png/revision/latest/scale-to-width-down/50?cb=20200329223325"" 	 alt=""NH-Snowflake pochette""  	class="""" 	 	data-image-key=""NH-Snowflake_pochette.png"" 	data-image-name=""NH-Snowflake pochette.png"" 	 	 width=""50""  	 height=""50""  	 	 	 	>"					NA
Snowman hat	"<img src=""https://vignette.wikia.nocookie.net/animalcrossing/images/0/0b/NH-Snowman_hat.png/revision/latest/scale-to-width-down/50?cb=20200329223333"" 	 alt=""NH-Snowman hat""  	class="""" 	 	data-image-key=""NH-Snowman_hat.png"" 	data-image-name=""NH-Snowman hat.png"" 	 	 width=""50""  	 height=""50""  	 	 	 	>"					NA
Star hat	"<img src=""https://vignette.wikia.nocookie.net/animalcrossing/images/a/a3/NH-Star_hat.png/revision/latest/scale-to-width-down/50?cb=20200329223341"" 	 alt=""NH-Star hat""  	class="""" 	 	data-image-key=""NH-Star_hat.png"" 	data-image-name=""NH-Star hat.png"" 	 	 width=""50""  	 height=""50""  	 	 	 	>"					NA
Star pochette	"<img src=""https://vignette.wikia.nocookie.net/animalcrossing/images/b/b1/NH-Star_pochette.png/revision/latest/scale-to-width-down/50?cb=20200329223351"" 	 alt=""NH-Star pochette""  	class="""" 	 	data-image-key=""NH-Star_pochette.png"" 	data-image-name=""NH-Star pochette.png"" 	 	 width=""50""  	 height=""50""  	 	 	 	>"					NA
Straw umbrella hat	"<img src=""https://vignette.wikia.nocookie.net/animalcrossing/images/f/f9/NH-Straw_umbrella_hat.png/revision/latest/scale-to-width-down/50?cb=20200329073040"" 	 alt=""NH-Straw umbrella hat""  	class="""" 	 	data-image-key=""NH-Straw_umbrella_hat.png"" 	data-image-name=""NH-Straw umbrella hat.png"" 	 	 width=""50""  	 height=""50""  	 	 	 	>"	"10x <img src=""https://vignette.wikia.nocookie.net/animalcrossing/images/a/a3/NH-clump_of_weeds-icon.png/revision/latest/scale-to-width-down/18?cb=20200328193954"" 	 alt=""NH-clump of weeds-icon""  	class="""" 	 	data-image-key=""NH-clump_of_weeds-icon.png"" 	data-image-name=""NH-clump of weeds-icon.png"" 	 	 width=""18""  	 height=""18""  	 	 	 	>clump of weeds"	"<img src=""https://vignette.wikia.nocookie.net/animalcrossing/images/d/d7/NH1.0x1.0sq.jpg/revision/latest?cb=20200324214412"" 	 alt=""NH1.0x1.0sq""  	class="""" 	 	data-image-key=""NH1.0x1.0sq.jpg"" 	data-image-name=""NH1.0x1.0sq.jpg"" 	 	 width=""31""  	 height=""31""  	 	 	 	>"	Message in a bottle	200 Bells	NA
Traditional straw coat	"<img src=""https://vignette.wikia.nocookie.net/animalcrossing/images/5/53/NH-Traditional_straw_coat.png/revision/latest/scale-to-width-down/50?cb=20200329062929"" 	 alt=""NH-Traditional straw coat""  	class="""" 	 	data-image-key=""NH-Traditional_straw_coat.png"" 	data-image-name=""NH-Traditional straw coat.png"" 	 	 width=""50""  	 height=""50""  	 	 	 	>"	"8x <img src=""https://vignette.wikia.nocookie.net/animalcrossing/images/a/a3/NH-clump_of_weeds-icon.png/revision/latest/scale-to-width-down/18?cb=20200328193954"" 	 alt=""NH-clump of weeds-icon""  	class="""" 	 	data-image-key=""NH-clump_of_weeds-icon.png"" 	data-image-name=""NH-clump of weeds-icon.png"" 	 	 width=""18""  	 height=""18""  	 	 	 	>clump of weeds"	"<img src=""https://vignette.wikia.nocookie.net/animalcrossing/images/d/d7/NH1.0x1.0sq.jpg/revision/latest?cb=20200324214412"" 	 alt=""NH1.0x1.0sq""  	class="""" 	 	data-image-key=""NH1.0x1.0sq.jpg"" 	data-image-name=""NH1.0x1.0sq.jpg"" 	 	 width=""31""  	 height=""31""  	 	 	 	>"	Message in a bottle	160 Bells	NA
Tulip crown	"<img src=""https://vignette.wikia.nocookie.net/animalcrossing/images/9/99/NH-Tulip_crown.png/revision/latest/scale-to-width-down/50?cb=20200328032801"" 	 alt=""NH-Tulip crown""  	class="""" 	 	data-image-key=""NH-Tulip_crown.png"" 	data-image-name=""NH-Tulip crown.png"" 	 	 width=""50""  	 height=""50""  	 	 	 	>"	"2x <img src=""https://vignette.wikia.nocookie.net/animalcrossing/images/9/94/NH-red_tulips-icon.png/revision/latest/scale-to-width-down/18?cb=20200329031329"" 	 alt=""NH-red tulips-icon""  	class="""" 	 	data-image-key=""NH-red_tulips-icon.png"" 	data-image-name=""NH-red tulips-icon.png"" 	 	 width=""18""  	 height=""18""  	 	 	 	>red tulips
2x <img src=""https://vignette.wikia.nocookie.net/animalcrossing/images/0/07/NH-yellow_tulips-icon.png/revision/latest/scale-to-width-down/18?cb=20200329031245"" 	 alt=""NH-yellow tulips-icon""  	class="""" 	 	data-image-key=""NH-yellow_tulips-icon.png"" 	data-image-name=""NH-yellow tulips-icon.png"" 	 	 width=""18""  	 height=""18""  	 	 	 	>yellow tulips
1x <img src=""https://vignette.wikia.nocookie.net/animalcrossing/images/0/05/NH-white_tulips-icon.png/revision/latest/scale-to-width-down/18?cb=20200329031349"" 	 alt=""NH-white tulips-icon""  	class="""" 	 	data-image-key=""NH-white_tulips-icon.png"" 	data-image-name=""NH-white tulips-icon.png"" 	 	 width=""18""  	 height=""18""  	 	 	 	>white tulips"	"<img src=""https://vignette.wikia.nocookie.net/animalcrossing/images/d/d7/NH1.0x1.0sq.jpg/revision/latest?cb=20200324214412"" 	 alt=""NH1.0x1.0sq""  	class="""" 	 	data-image-key=""NH1.0x1.0sq.jpg"" 	data-image-name=""NH1.0x1.0sq.jpg"" 	 	 width=""31""  	 height=""31""  	 	 	 	>"	Message in a bottle		NA
Windflower crown	"<img src=""https://vignette.wikia.nocookie.net/animalcrossing/images/3/34/NH-Windflower_crown.png/revision/latest/scale-to-width-down/50?cb=20200329070453"" 	 alt=""NH-Windflower crown""  	class="""" 	 	data-image-key=""NH-Windflower_crown.png"" 	data-image-name=""NH-Windflower crown.png"" 	 	 width=""50""  	 height=""50""  	 	 	 	>"	"2x <img src=""https://vignette.wikia.nocookie.net/animalcrossing/images/9/9d/NH-red_windflowers-icon.png/revision/latest/scale-to-width-down/18?cb=20200328195631"" 	 alt=""NH-red windflowers-icon""  	class="""" 	 	data-image-key=""NH-red_windflowers-icon.png"" 	data-image-name=""NH-red windflowers-icon.png"" 	 	 width=""18""  	 height=""18""  	 	 	 	>red windflowers
2x <img src=""https://vignette.wikia.nocookie.net/animalcrossing/images/6/60/NH-orange_windflowers-icon.png/revision/latest/scale-to-width-down/18?cb=20200328195356"" 	 alt=""NH-orange windflowers-icon""  	class="""" 	 	data-image-key=""NH-orange_windflowers-icon.png"" 	data-image-name=""NH-orange windflowers-icon.png"" 	 	 width=""18""  	 height=""18""  	 	 	 	>orange windflowers
2x <img src=""https://vignette.wikia.nocookie.net/animalcrossing/images/5/54/NH-white_windflowers-icon.png/revision/latest/scale-to-width-down/18?cb=20200328200014"" 	 alt=""NH-white windflowers-icon""  	class="""" 	 	data-image-key=""NH-white_windflowers-icon.png"" 	data-image-name=""NH-white windflowers-icon.png"" 	 	 width=""18""  	 height=""18""  	 	 	 	>white windflowers"	"<img src=""https://vignette.wikia.nocookie.net/animalcrossing/images/d/d7/NH1.0x1.0sq.jpg/revision/latest?cb=20200324214412"" 	 alt=""NH1.0x1.0sq""  	class="""" 	 	data-image-key=""NH1.0x1.0sq.jpg"" 	data-image-name=""NH1.0x1.0sq.jpg"" 	 	 width=""31""  	 height=""31""  	 	 	 	>"			NA
Cosmos crown 3	"<img src=""https://vignette.wikia.nocookie.net/animalcrossing/images/c/c9/NH-Cosmos_crown_3.png/revision/latest/scale-to-width-down/50?cb=20200329223409"" 	 alt=""NH-Cosmos crown 3""  	class="""" 	 	data-image-key=""NH-Cosmos_crown_3.png"" 	data-image-name=""NH-Cosmos crown 3.png"" 	 	 width=""50""  	 height=""50""  	 	 	 	>"					NA
Tulip crown 3	"<img src=""https://vignette.wikia.nocookie.net/animalcrossing/images/7/7c/NH-Tulip_crown3.png/revision/latest/scale-to-width-down/50?cb=20200329223420"" 	 alt=""NH-Tulip crown3""  	class="""" 	 	data-image-key=""NH-Tulip_crown3.png"" 	data-image-name=""NH-Tulip crown3.png"" 	 	 width=""50""  	 height=""50""  	 	 	 	>"					NA
Lily crown 3	"<img src=""https://vignette.wikia.nocookie.net/animalcrossing/images/6/68/NH-Lily_crown_3.png/revision/latest/scale-to-width-down/50?cb=20200329223433"" 	 alt=""NH-Lily crown 3""  	class="""" 	 	data-image-key=""NH-Lily_crown_3.png"" 	data-image-name=""NH-Lily crown 3.png"" 	 	 width=""50""  	 height=""50""  	 	 	 	>"					NA
Hyacinth crown 2	"<img src=""https://vignette.wikia.nocookie.net/animalcrossing/images/e/e8/NH-Hyacinth_crown_2.png/revision/latest/scale-to-width-down/50?cb=20200329223445"" 	 alt=""NH-Hyacinth crown 2""  	class="""" 	 	data-image-key=""NH-Hyacinth_crown_2.png"" 	data-image-name=""NH-Hyacinth crown 2.png"" 	 	 width=""50""  	 height=""50""  	 	 	 	>"					NA
Hyacinth crown 3	"<img src=""https://vignette.wikia.nocookie.net/animalcrossing/images/d/df/NH-Hyacinth_crown_3.png/revision/latest/scale-to-width-down/50?cb=20200329223453"" 	 alt=""NH-Hyacinth crown 3""  	class="""" 	 	data-image-key=""NH-Hyacinth_crown_3.png"" 	data-image-name=""NH-Hyacinth crown 3.png"" 	 	 width=""50""  	 height=""50""  	 	 	 	>"					NA
Mum crown 3	"<img src=""https://vignette.wikia.nocookie.net/animalcrossing/images/3/33/NH-Mum_crown_3.png/revision/latest/scale-to-width-down/50?cb=20200329223502"" 	 alt=""NH-Mum crown 3""  	class="""" 	 	data-image-key=""NH-Mum_crown_3.png"" 	data-image-name=""NH-Mum crown 3.png"" 	 	 width=""50""  	 height=""50""  	 	 	 	>"					NA
Pansy crown 3	"<img src=""https://vignette.wikia.nocookie.net/animalcrossing/images/0/02/NH-Pansy_crown_3.png/revision/latest/scale-to-width-down/50?cb=20200329223513"" 	 alt=""NH-Pansy crown 3""  	class="""" 	 	data-image-key=""NH-Pansy_crown_3.png"" 	data-image-name=""NH-Pansy crown 3.png"" 	 	 width=""50""  	 height=""50""  	 	 	 	>"					NA
Rose crown 3	"<img src=""https://vignette.wikia.nocookie.net/animalcrossing/images/7/7d/NH-Rose_crown_3.png/revision/latest/scale-to-width-down/50?cb=20200329224423"" 	 alt=""NH-Rose crown 3""  	class="""" 	 	data-image-key=""NH-Rose_crown_3.png"" 	data-image-name=""NH-Rose crown 3.png"" 	 	 width=""50""  	 height=""50""  	 	 	 	>"					NA
Rose crown 4	"<img src=""https://vignette.wikia.nocookie.net/animalcrossing/images/6/66/NH-Rose_crown_4.png/revision/latest/scale-to-width-down/50?cb=20200329224352"" 	 alt=""NH-Rose crown 4""  	class="""" 	 	data-image-key=""NH-Rose_crown_4.png"" 	data-image-name=""NH-Rose crown 4.png"" 	 	 width=""50""  	 height=""50""  	 	 	 	>"					NA
Windflower crown 3	"<img src=""https://vignette.wikia.nocookie.net/animalcrossing/images/0/04/NH-Windflower_crown_3.png/revision/latest/scale-to-width-down/50?cb=20200329224325"" 	 alt=""NH-Windflower crown 3""  	class="""" 	 	data-image-key=""NH-Windflower_crown_3.png"" 	data-image-name=""NH-Windflower crown 3.png"" 	 	 width=""50""  	 height=""50""  	 	 	 	>"					NA
