name	image	personality	species	birthday	catchphrase	gender
Admiral	https://vignette.wikia.nocookie.net/animalcrossing/images/5/52/NH-Admiral_poster.png/revision/latest?cb=20200328165653	Cranky	Bird	January 27th	aye aye	♂
Agent S	https://vignette.wikia.nocookie.net/animalcrossing/images/d/dd/NH-Agent_S_poster.png/revision/latest?cb=20200410184209	Peppy	Squirrel	July 2nd	sidekick	♀
Agnes	https://vignette.wikia.nocookie.net/animalcrossing/images/e/e8/NH-Agnes_poster.png/revision/latest?cb=20200410185748	Sisterly	Pig	April 21st	snuffle	♀
Al	https://vignette.wikia.nocookie.net/animalcrossing/images/9/90/NH-Al_poster.png/revision/latest?cb=20200328180328	Lazy	Gorilla	October 18th	Ayyeeee	♂
Alfonso	https://vignette.wikia.nocookie.net/animalcrossing/images/0/0d/NH-Alfonso_poster.png/revision/latest?cb=20200328180336	Lazy	Alligator	June 9th	it'sa me	♂
Alice	https://vignette.wikia.nocookie.net/animalcrossing/images/9/96/NH-Alice_poster.png/revision/latest?cb=20200328180343	Normal	Koala	August 19th	guvnor	♀
Alli	https://vignette.wikia.nocookie.net/animalcrossing/images/e/e8/NH-Alli_poster.png/revision/latest?cb=20200328180350	Snooty	Alligator	November 8th	graaagh	♀
Amelia	https://vignette.wikia.nocookie.net/animalcrossing/images/9/9d/NH-Amelia_poster.png/revision/latest?cb=20200410191249	Snooty	Eagle	November 19th	cuz	♀
Anabelle	https://vignette.wikia.nocookie.net/animalcrossing/images/b/bd/NH-Anabelle_poster.png/revision/latest?cb=20200328180403	Peppy	Anteater	February 16th	snorty	♀
Anchovy	https://vignette.wikia.nocookie.net/animalcrossing/images/f/fc/NH-Anchovy_poster.png/revision/latest?cb=20200328180410	Lazy	Bird	March 4th	chuurp	♂
Ankha	https://vignette.wikia.nocookie.net/animalcrossing/images/9/9a/NH-Ankha_poster.png/revision/latest?cb=20200410182618	Snooty	Cat	September 22nd	me meow	♀
Angus	https://vignette.wikia.nocookie.net/animalcrossing/images/e/e9/NH-Angus_poster.png/revision/latest?cb=20200328180416	Cranky	Bull	April 30th	macmoo	♂
Anicotti	https://vignette.wikia.nocookie.net/animalcrossing/images/e/e1/NH-Anicotti_poster.png/revision/latest?cb=20200410192311	Peppy	Mouse	February 24th	cannoli	♀
Annalisa	https://vignette.wikia.nocookie.net/animalcrossing/images/6/64/NH-Annalisa_poster.png/revision/latest?cb=20200328180436	Normal	Anteater	February 6th	gumdrop	♀
Annalise	https://vignette.wikia.nocookie.net/animalcrossing/images/2/26/NH-Annalise_poster.png/revision/latest?cb=20200328180443	Snooty	Horse	December 2nd	nipper	♀
Antonio	https://vignette.wikia.nocookie.net/animalcrossing/images/d/d0/NH-Antonio_poster.png/revision/latest?cb=20200328180450	Jock	Anteater	October 20th	honk	♂
Apollo	https://vignette.wikia.nocookie.net/animalcrossing/images/7/78/NH-Apollo_poster.png/revision/latest?cb=20200410191419	Cranky	Eagle	July 4th	pah	♂
Apple	https://vignette.wikia.nocookie.net/animalcrossing/images/3/37/NH-Apple_poster.png/revision/latest?cb=20200328180516	Peppy	Hamster	September 24th	cheekers	♀
Astrid	https://vignette.wikia.nocookie.net/animalcrossing/images/3/3f/NH-Astrid_poster.png/revision/latest?cb=20200328180524	Snooty	Kangaroo	September 8th	my pet	♀
Audie	https://vignette.wikia.nocookie.net/animalcrossing/images/a/ac/NH-Audie_poster.png/revision/latest?cb=20200410183255	Peppy	Wolf	August 31st	Foxtrot	♀
Aurora	https://vignette.wikia.nocookie.net/animalcrossing/images/3/33/NH-Aurora_poster.png/revision/latest?cb=20200410190924	Normal	Penguin	January 27th	b-b-baby	♀
Ava	https://vignette.wikia.nocookie.net/animalcrossing/images/2/25/NH-Ava_poster.png/revision/latest?cb=20200328180547	Normal	Chicken	April 28th	beaker	♀
Avery	https://vignette.wikia.nocookie.net/animalcrossing/images/9/95/NH-Avery_poster.png/revision/latest?cb=20200410191139	Cranky	Eagle	February 22nd	skree-haw	♂
Axel	https://vignette.wikia.nocookie.net/animalcrossing/images/c/c5/NH-Axel_poster.png/revision/latest?cb=20200328180603	Jock	Elephant	March 23rd	WHONK	♂
Baabara	https://vignette.wikia.nocookie.net/animalcrossing/images/d/d0/NH-Baabara_poster.png/revision/latest?cb=20200410184807	Snooty	Sheep	March 28th	daahling	♀
Bam	https://vignette.wikia.nocookie.net/animalcrossing/images/b/b2/NH-Bam_poster.png/revision/latest?cb=20200328183904	Jock	Deer	November 7th	kablang	♂
Bangle	https://vignette.wikia.nocookie.net/animalcrossing/images/c/c7/NH-Bangle_poster.png/revision/latest?cb=20200410183706	Peppy	Tiger	August 27th	growf	♀
Barold	https://vignette.wikia.nocookie.net/animalcrossing/images/9/99/NH-Barold_poster.png/revision/latest?cb=20200328183917	Lazy	Cub	March 2nd	cubby	♂
Beau	https://vignette.wikia.nocookie.net/animalcrossing/images/2/2a/NH-Beau_poster.png/revision/latest?cb=20200328183936	Lazy	Deer	April 5th	saltlick	♂
Bea	https://vignette.wikia.nocookie.net/animalcrossing/images/c/ca/NH-Bea_poster.png/revision/latest?cb=20200328183923	Normal	Dog	October 15th	bingo	♀
Beardo	https://vignette.wikia.nocookie.net/animalcrossing/images/c/c7/NH-Beardo_poster.png/revision/latest?cb=20200328183930	Smug	Bear	September 27th	whiskers	♂
Becky	https://vignette.wikia.nocookie.net/animalcrossing/images/e/ec/NH-Becky_poster.png/revision/latest?cb=20200328183943	Snooty	Chicken	December 9th	chicklet	♀
Bella	https://vignette.wikia.nocookie.net/animalcrossing/images/1/1e/NH-Bella_poster.png/revision/latest?cb=20200410192458	Peppy	Mouse	December 28th	eeks	♀
Benedict	https://vignette.wikia.nocookie.net/animalcrossing/images/0/0e/NH-Benedict_poster.png/revision/latest?cb=20200328183955	Lazy	Chicken	October 10th	uh-hoo	♂
Benjamin	https://vignette.wikia.nocookie.net/animalcrossing/images/5/5f/NH-Benjamin_poster.png/revision/latest?cb=20200328184001	Lazy	Dog	August 3rd	alrighty	♂
Bertha	https://vignette.wikia.nocookie.net/animalcrossing/images/3/3f/NH-Bertha_poster.png/revision/latest?cb=20200328184009	Normal	Hippo	April 25th	bloop	♀
Bettina	https://vignette.wikia.nocookie.net/animalcrossing/images/a/a9/NH-Bettina_poster.png/revision/latest?cb=20200410192221	Normal	Mouse	June 12th	eekers	♀
Bianca	https://vignette.wikia.nocookie.net/animalcrossing/images/e/e2/NH-Bianca_poster.png/revision/latest?cb=20200410183555	Peppy	Tiger	December 13th	glimmer	♀
Biff	https://vignette.wikia.nocookie.net/animalcrossing/images/2/2c/NH-Biff_poster.png/revision/latest?cb=20200328184029	Jock	Hippo	March 29th	squirt	♂
Big Top	https://vignette.wikia.nocookie.net/animalcrossing/images/c/ca/NH-Big_Top_poster.png/revision/latest?cb=20200328184036	Lazy	Elephant	October 3rd	villain	♂
Bill	https://vignette.wikia.nocookie.net/animalcrossing/images/4/4c/NH-Bill_poster.png/revision/latest?cb=20200328184045	Jock	Duck	February 1st	quacko	♂
Billy	https://vignette.wikia.nocookie.net/animalcrossing/images/d/d3/NH-Billy_poster.png/revision/latest?cb=20200328184052	Jock	Goat	March 25th	dagnaabit	♂
Biskit	https://vignette.wikia.nocookie.net/animalcrossing/images/c/c8/NH-Biskit_poster.png/revision/latest?cb=20200328184058	Lazy	Dog	May 13th	dog	♂
Bitty	https://vignette.wikia.nocookie.net/animalcrossing/images/7/7c/NH-Bitty_poster.png/revision/latest?cb=20200328184106	Snooty	Hippo	October 6th	my dear	♀
Blaire	https://vignette.wikia.nocookie.net/animalcrossing/images/f/f3/NH-Blaire_poster.png/revision/latest?cb=20200410184330	Snooty	Squirrel	July 3rd	nutlet	♀
Blanche	https://vignette.wikia.nocookie.net/animalcrossing/images/1/18/NH-Blanche_poster.png/revision/latest?cb=20200410191641	Snooty	Ostrich	December 21st	quite so	♀
Bluebear	https://vignette.wikia.nocookie.net/animalcrossing/images/5/50/NH-Bluebear_poster.png/revision/latest?cb=20200328184132	Peppy	Cub	June 24th	peach	♀
Bob	https://vignette.wikia.nocookie.net/animalcrossing/images/1/14/NH-Bob_poster.png/revision/latest?cb=20200410181927	Lazy	Cat	January 1st	pthhhpth	♂
Bonbon	https://vignette.wikia.nocookie.net/animalcrossing/images/7/75/NH-Bonbon_poster.png/revision/latest?cb=20200410185137	Peppy	Rabbit	March 3rd	deelish	♀
Bones	https://vignette.wikia.nocookie.net/animalcrossing/images/9/91/NH-Bones_poster.png/revision/latest?cb=20200328184154	Lazy	Dog	August 4th	yip yip	♂
Boomer	https://vignette.wikia.nocookie.net/animalcrossing/images/1/12/NH-Boomer_poster.png/revision/latest?cb=20200410190457	Lazy	Penguin	February 7th	human	♂
Boone	https://vignette.wikia.nocookie.net/animalcrossing/images/9/9c/NH-Boone_poster.png/revision/latest?cb=20200328184208	Jock	Gorilla	September 12th	baboom	♂
Boots	https://vignette.wikia.nocookie.net/animalcrossing/images/f/f3/NH-Boots_poster.png/revision/latest?cb=20200328184215	Jock	Alligator	August 7th	munchie	♂
Boris	https://vignette.wikia.nocookie.net/animalcrossing/images/5/54/NH-Boris_poster.png/revision/latest?cb=20200410190014	Cranky	Pig	November 6th	schnort	♂
Boyd	https://vignette.wikia.nocookie.net/animalcrossing/images/9/9d/NH-Boyd_poster.png/revision/latest?cb=20200328184228	Cranky	Gorilla	October 1st	uh-oh	♂
Bree	https://vignette.wikia.nocookie.net/animalcrossing/images/4/42/NH-Bree_poster.png/revision/latest?cb=20200410192442	Snooty	Mouse	July 7th	cheeseball	♀
Broccolo	https://vignette.wikia.nocookie.net/animalcrossing/images/1/10/NH-Broccolo_poster.png/revision/latest?cb=20200410192254	Lazy	Mouse	June 30th	eat it	♂
Bruce	https://vignette.wikia.nocookie.net/animalcrossing/images/6/6d/NH-Bruce_poster.png/revision/latest?cb=20200328184302	Cranky	Deer	May 26th	gruff	♂
Broffina	https://vignette.wikia.nocookie.net/animalcrossing/images/c/c9/NH-Broffina_poster.png/revision/latest?cb=20200328184255	Snooty	Chicken	October 24th	cluckadoo	♀
Bubbles	https://vignette.wikia.nocookie.net/animalcrossing/images/8/8d/NH-Bubbles_poster.png/revision/latest?cb=20200328184338	Peppy	Hippo	September 18th	hipster	♀
Buck	https://vignette.wikia.nocookie.net/animalcrossing/images/b/b2/NH-Buck_poster.png/revision/latest?cb=20200328184346	Jock	Horse	April 4th	pardner	♂
Bud	https://vignette.wikia.nocookie.net/animalcrossing/images/a/ab/NH-Bud_poster.png/revision/latest?cb=20200328184352	Jock	Lion	August 8th	shredded	♂
Bunnie	https://vignette.wikia.nocookie.net/animalcrossing/images/8/83/NH-Bunnie_poster.png/revision/latest?cb=20200410185724	Peppy	Rabbit	May 9th	tee-hee	♀
Butch	https://vignette.wikia.nocookie.net/animalcrossing/images/9/9a/NH-Butch_poster.png/revision/latest?cb=20200328184412	Cranky	Dog	November 1st	ROOOOOWF	♂
Buzz	https://vignette.wikia.nocookie.net/animalcrossing/images/f/f2/NH-Buzz_poster.png/revision/latest?cb=20200410191156	Cranky	Eagle	December 7th	captain	♂
Cally	https://vignette.wikia.nocookie.net/animalcrossing/images/0/01/NH-Cally_poster.png/revision/latest?cb=20200410184015	Normal	Squirrel	September 4th	WHEE	♀
Camofrog	https://vignette.wikia.nocookie.net/animalcrossing/images/9/91/NH-Camofrog_poster.png/revision/latest?cb=20200328192559	Cranky	Frog	June 5th	ten-hut	♂
Canberra	https://vignette.wikia.nocookie.net/animalcrossing/images/f/fd/NH-Canberra_poster.png/revision/latest?cb=20200328192607	Sisterly	Koala	May 14th	nuh uh	♀
Candi	https://vignette.wikia.nocookie.net/animalcrossing/images/c/ce/NH-Candi_poster.png/revision/latest?cb=20200410192349	Peppy	Mouse	April 13th	sweetie	♀
Carmen	https://vignette.wikia.nocookie.net/animalcrossing/images/1/1b/NH-Carmen_poster.png/revision/latest?cb=20200410185152	Peppy	Rabbit	January 6th	nougat	♀
Caroline	https://vignette.wikia.nocookie.net/animalcrossing/images/a/a5/NH-Caroline_poster.png/revision/latest?cb=20200410184152	Normal	Squirrel	July 15th	hulaaaa	♀
Carrie	https://vignette.wikia.nocookie.net/animalcrossing/images/0/0d/NH-Carrie_poster.png/revision/latest?cb=20200328192649	Normal	Kangaroo	December 5th	little one	♀
Cashmere	https://vignette.wikia.nocookie.net/animalcrossing/images/8/8a/NH-Cashmere_poster.png/revision/latest?cb=20200410184707	Snooty	Sheep	April 2nd	baaaby	♀
Celia	https://vignette.wikia.nocookie.net/animalcrossing/images/8/8a/NH-Celia_poster.png/revision/latest?cb=20200422143439	Normal	Eagle	March 25th	feathers	♀
Cesar	https://vignette.wikia.nocookie.net/animalcrossing/images/f/fd/NH-Cesar_poster.png/revision/latest?cb=20200328192708	Cranky	Gorilla	September 6th	highness	♂
Chadder	https://vignette.wikia.nocookie.net/animalcrossing/images/3/33/NH-Chadder_poster.png/revision/latest?cb=20200410192119	Smug	Mouse	December 15th	fromage	♂
Charlise	https://vignette.wikia.nocookie.net/animalcrossing/images/7/71/NH-Charlise_poster.png/revision/latest?cb=20200328192721	Sisterly	Bear	April 17th	urgh	♀
Cheri	https://vignette.wikia.nocookie.net/animalcrossing/images/5/5c/NH-Cheri_poster.png/revision/latest?cb=20200328192728	Peppy	Cub	March 17th	tralala	♀
Cherry	https://vignette.wikia.nocookie.net/animalcrossing/images/6/6e/NH-Cherry_poster.png/revision/latest?cb=20200328192735	Sisterly	Dog	May 11th	what what	♀
Chester	https://vignette.wikia.nocookie.net/animalcrossing/images/c/cf/NH-Chester_poster.png/revision/latest?cb=20200328192748	Lazy	Cub	August 6th	rookie	♂
Chevre	https://vignette.wikia.nocookie.net/animalcrossing/images/f/f4/NH-Chevre_poster.png/revision/latest?cb=20200328192755	Normal	Goat	March 6th	la baa	♀
Chief	https://vignette.wikia.nocookie.net/animalcrossing/images/5/56/NH-Chief_poster.png/revision/latest?cb=20200410183536	Cranky	Wolf	December 19th	harrumph	♂
Chops	https://vignette.wikia.nocookie.net/animalcrossing/images/6/6d/NH-Chops_poster.png/revision/latest?cb=20200410185841	Smug	Pig	October 13th	zoink	♂
Chow	https://vignette.wikia.nocookie.net/animalcrossing/images/b/b7/NH-Chow_poster.png/revision/latest?cb=20200328192817	Cranky	Bear	July 22nd	aiya	♂
Chrissy	https://vignette.wikia.nocookie.net/animalcrossing/images/1/1f/NH-Chrissy_poster.png/revision/latest?cb=20200410185303	Peppy	Rabbit	August 28th	sparkles	♀
Claude	https://vignette.wikia.nocookie.net/animalcrossing/images/1/19/NH-Claude_poster.png/revision/latest?cb=20200410185347	Lazy	Rabbit	December 3rd	hopalong	♂
Claudia	https://vignette.wikia.nocookie.net/animalcrossing/images/b/b1/NH-Claudia_poster.png/revision/latest?cb=20200410183623	Snooty	Tiger	November 22nd	ooh la la	♀
Clay	https://vignette.wikia.nocookie.net/animalcrossing/images/0/0a/NH-Clay_poster.png/revision/latest?cb=20200328192903	Lazy	Hamster	October 19th	thump	♂
Cleo	https://vignette.wikia.nocookie.net/animalcrossing/images/5/5e/NH-Cleo_poster.png/revision/latest?cb=20200328192909	Snooty	Horse	February 9th	sugar	♀
Clyde	https://vignette.wikia.nocookie.net/animalcrossing/images/9/93/NH-Clyde_poster.png/revision/latest?cb=20200328192916	Lazy	Horse	May 1st	clip-clawp	♂
Coach	https://vignette.wikia.nocookie.net/animalcrossing/images/a/a3/NH-Coach_poster.png/revision/latest?cb=20200328192922	Jock	Bull	April 29th	stubble	♂
Cobb	https://vignette.wikia.nocookie.net/animalcrossing/images/6/6d/NH-Cobb_poster.png/revision/latest?cb=20200410190041	Jock	Pig	October 7th	hot dog	♂
Coco	https://vignette.wikia.nocookie.net/animalcrossing/images/3/37/NH-Coco_poster.png/revision/latest?cb=20200410185633	Normal	Rabbit	March 1st	doyoing	♀
Cole	https://vignette.wikia.nocookie.net/animalcrossing/images/6/60/NH-Cole_poster.png/revision/latest?cb=20200410185107	Lazy	Rabbit	August 10th	duuude	♂
Colton	https://vignette.wikia.nocookie.net/animalcrossing/images/0/04/NH-Colton_poster.png/revision/latest?cb=20200328192957	Smug	Horse	May 22nd	check it	♂
Cookie	https://vignette.wikia.nocookie.net/animalcrossing/images/8/85/NH-Cookie_poster.png/revision/latest?cb=20200328193004	Peppy	Dog	June 18th	arfer	♀
Cousteau	https://vignette.wikia.nocookie.net/animalcrossing/images/4/41/NH-Cousteau_poster.png/revision/latest?cb=20200328193012	Jock	Frog	December 17th	oui oui	♂
Cranston	https://vignette.wikia.nocookie.net/animalcrossing/images/7/75/NH-Cranston_poster.png/revision/latest?cb=20200410191717	Lazy	Ostrich	September 23rd	sweatband	♂
Croque	https://vignette.wikia.nocookie.net/animalcrossing/images/9/9a/NH-Croque_poster.png/revision/latest?cb=20200328193024	Cranky	Frog	July 18th	as if	♂
Cube	https://vignette.wikia.nocookie.net/animalcrossing/images/c/c6/NH-Cube_poster.png/revision/latest?cb=20200416233224	Lazy	Penguin	January 29th	d-d-dude	♂
Curlos	https://vignette.wikia.nocookie.net/animalcrossing/images/1/15/NH-Curlos_poster.png/revision/latest?cb=20200410184634	Smug	Sheep	May 8th	shearly	♂
Curly	https://vignette.wikia.nocookie.net/animalcrossing/images/1/14/NH-Curly_poster.png/revision/latest?cb=20200410190319	Jock	Pig	July 26th	nyoink	♂
Curt	https://vignette.wikia.nocookie.net/animalcrossing/images/e/ef/NH-Curt_poster.png/revision/latest?cb=20200328193051	Cranky	Bear	July 1st	fuzzball	♂
Cyd	https://vignette.wikia.nocookie.net/animalcrossing/images/9/9b/NH-Cyd_poster.png/revision/latest?cb=20200328193058	Cranky	Elephant	June 9th	rockin'	♂
Cyrano	https://vignette.wikia.nocookie.net/animalcrossing/images/6/65/NH-Cyrano_poster.png/revision/latest?cb=20200328193104	Cranky	Anteater	March 9th	ah-CHOO	♂
Daisy	https://vignette.wikia.nocookie.net/animalcrossing/images/a/a8/NH-Daisy_poster.png/revision/latest?cb=20200328200822	Normal	Dog	November 16th	bow-WOW	♀
Deena	https://vignette.wikia.nocookie.net/animalcrossing/images/f/f5/NH-Deena_poster.png/revision/latest?cb=20200328200829	Normal	Duck	June 27th	woowoo	♀
Deirdre	https://vignette.wikia.nocookie.net/animalcrossing/images/c/c0/NH-Deirdre_poster.png/revision/latest?cb=20200328200836	Sisterly	Deer	May 4th	whatevs	♀
Del	https://vignette.wikia.nocookie.net/animalcrossing/images/c/c2/NH-Del_poster.png/revision/latest?cb=20200328200842	Cranky	Alligator	May 27th	gronk	♂
Deli	https://vignette.wikia.nocookie.net/animalcrossing/images/0/03/NH-Deli_poster.png/revision/latest?cb=20200410192638	Lazy	Monkey	May 24th	monch	♂
Derwin	https://vignette.wikia.nocookie.net/animalcrossing/images/9/95/NH-Derwin_poster.png/revision/latest?cb=20200328200856	Lazy	Duck	May 25th	derrrrr	♂
Diana	https://vignette.wikia.nocookie.net/animalcrossing/images/1/10/NH-Diana_poster.png/revision/latest?cb=20200328200903	Snooty	Deer	January 4th	no doy	♀
Diva	https://vignette.wikia.nocookie.net/animalcrossing/images/e/e7/NH-Diva_poster.png/revision/latest?cb=20200328200909	Sisterly	Frog	October 2nd	ya know	♀
Dizzy	https://vignette.wikia.nocookie.net/animalcrossing/images/6/65/NH-Dizzy_poster.png/revision/latest?cb=20200328200915	Lazy	Elephant	January 14th	woo-oo	♂
Dobie	https://vignette.wikia.nocookie.net/animalcrossing/images/9/90/NH-Dobie_poster.png/revision/latest?cb=20200410183359	Cranky	Wolf	February 17th	ohmmm	♂
Doc	https://vignette.wikia.nocookie.net/animalcrossing/images/5/52/NH-Doc_poster.png/revision/latest?cb=20200410185403	Lazy	Rabbit	March 16th	ol' bunny	♂
Dom	https://vignette.wikia.nocookie.net/animalcrossing/images/b/b2/NH-Dom_poster.png/revision/latest?cb=20200410184416	Jock	Sheep	March 18th	indeedaroo	♂
Dora	https://vignette.wikia.nocookie.net/animalcrossing/images/e/ed/NH-Dora_poster.png/revision/latest?cb=20200416233917	Normal	Mouse	February 18th	squeaky	♀
Dotty	https://vignette.wikia.nocookie.net/animalcrossing/images/7/72/NH-Dotty_poster.png/revision/latest?cb=20200410185658	Peppy	Rabbit	March 14th	wee one	♀
Drago	https://vignette.wikia.nocookie.net/animalcrossing/images/5/52/NH-Drago_poster.png/revision/latest?cb=20200328200956	Lazy	Alligator	February 12th	burrrn	♂
Drake	https://vignette.wikia.nocookie.net/animalcrossing/images/1/16/NH-Drake_poster.png/revision/latest?cb=20200328201002	Lazy	Duck	June 25th	quacko	♂
Drift	https://vignette.wikia.nocookie.net/animalcrossing/images/7/7f/NH-Drift_poster.png/revision/latest?cb=20200328201008	Jock	Frog	October 9th	brah	♂
Ed	https://vignette.wikia.nocookie.net/animalcrossing/images/2/20/NH-Ed_poster.png/revision/latest?cb=20200328201015	Smug	Horse	September 16th	greenhorn	♂
Egbert	https://vignette.wikia.nocookie.net/animalcrossing/images/d/d8/NH-Egbert_poster.png/revision/latest?cb=20200328201024	Lazy	Chicken	October 14th	doodle-duh	♂
Elise	https://vignette.wikia.nocookie.net/animalcrossing/images/c/cf/NH-Elise_poster.png/revision/latest?cb=20200328201032	Snooty	Monkey	March 21st	puh-lease	♀
Ellie	https://vignette.wikia.nocookie.net/animalcrossing/images/1/12/NH-Ellie_poster.png/revision/latest?cb=20200328201054	Normal	Elephant	May 12th	li'l one	♀
Elmer	https://vignette.wikia.nocookie.net/animalcrossing/images/a/a5/NH-Elmer_poster.png/revision/latest?cb=20200328201101	Lazy	Horse	October 5th	tenderfoot	♂
Eloise	https://vignette.wikia.nocookie.net/animalcrossing/images/d/d1/NH-Eloise_poster.png/revision/latest?cb=20200328201107	Snooty	Elephant	December 8th	tooooot	♀
Elvis	https://vignette.wikia.nocookie.net/animalcrossing/images/3/36/NH-Elvis_poster.png/revision/latest?cb=20200328201113	Cranky	Lion	July 23rd	unh-hunh	♂
Erik	https://vignette.wikia.nocookie.net/animalcrossing/images/f/fc/NH-Erik_poster.png/revision/latest?cb=20200328201120	Lazy	Deer	July 27th	chow down	♂
Eunice	https://vignette.wikia.nocookie.net/animalcrossing/images/a/a4/NH-Eunice_poster.png/revision/latest?cb=20200410184747	Normal	Sheep	April 3rd	lambchop	♀
Eugene	https://vignette.wikia.nocookie.net/animalcrossing/images/f/f7/NH-Eugene_poster.png/revision/latest?cb=20200410192826	Smug	Koala	October 26th	yeah buddy	♂
Fang	https://vignette.wikia.nocookie.net/animalcrossing/images/7/77/NH-Fang_poster.png/revision/latest?cb=20200410183143	Cranky	Wolf	December 18th	cha-chomp	♂
Fauna	https://vignette.wikia.nocookie.net/animalcrossing/images/b/b4/NH-Fauna_poster.png/revision/latest?cb=20200328201146	Normal	Deer	March 26th	dearie	♀
Felicity	https://vignette.wikia.nocookie.net/animalcrossing/images/8/80/NH-Felicity_poster.png/revision/latest?cb=20200410182504	Peppy	Cat	March 30th	mimimi	♀
Filbert	https://vignette.wikia.nocookie.net/animalcrossing/images/3/3e/NH-Filbert_poster.png/revision/latest?cb=20200410184309	Lazy	Squirrel	June 3rd	bucko	♂
Flip	https://vignette.wikia.nocookie.net/animalcrossing/images/1/19/NH-Flip_poster.png/revision/latest?cb=20200328201204	Jock	Monkey	November 21st	rerack	♂
Flo	https://vignette.wikia.nocookie.net/animalcrossing/images/9/97/NH-Flo_poster.png/revision/latest?cb=20200410190352	Sisterly	Penguin	September 2nd	cha	♀
Flora	https://vignette.wikia.nocookie.net/animalcrossing/images/4/46/NH-Flora_poster.png/revision/latest?cb=20200410191616	Peppy	Ostrich	February 9th	pinky	♀
Flurry	https://vignette.wikia.nocookie.net/animalcrossing/images/a/a3/NH-Flurry_poster.png/revision/latest?cb=20200328201233	Normal	Hamster	January 30th	powderpuff	♀
Francine	https://vignette.wikia.nocookie.net/animalcrossing/images/a/a1/NH-Francine_poster.png/revision/latest?cb=20200410185321	Snooty	Rabbit	January 22nd	karat	♀
Frank	https://vignette.wikia.nocookie.net/animalcrossing/images/8/86/NH-Frank_poster.png/revision/latest?cb=20200410191050	Cranky	Eagle	July 30th	crushy	♂
Freckles	https://vignette.wikia.nocookie.net/animalcrossing/images/e/ea/NH-Freckles_poster.png/revision/latest?cb=20200328201257	Peppy	Duck	February 19th	ducky	♀
Freya	https://vignette.wikia.nocookie.net/animalcrossing/images/1/19/NH-Freya_poster.png/revision/latest?cb=20200410183241	Snooty	Wolf	December 14th	uff da	♀
Friga	https://vignette.wikia.nocookie.net/animalcrossing/images/7/75/NH-Friga_poster.png/revision/latest?cb=20200410190835	Snooty	Penguin	October 16th	brrmph	♀
Frita	https://vignette.wikia.nocookie.net/animalcrossing/images/5/5e/NH-Frita_poster.png/revision/latest?cb=20200410184508	Sisterly	Sheep	July 16th	oh ewe	♀
Frobert	https://vignette.wikia.nocookie.net/animalcrossing/images/5/5a/NH-Frobert_poster.png/revision/latest?cb=20200328201327	Jock	Frog	February 8th	fribbit	♂
Fuchsia	https://vignette.wikia.nocookie.net/animalcrossing/images/b/bf/NH-Fuchsia_poster.png/revision/latest?cb=20200328201335	Sisterly	Deer	September 19th	precious	♀
Gabi	https://vignette.wikia.nocookie.net/animalcrossing/images/8/8b/NH-Gabi_poster.png/revision/latest?cb=20200410185547	Peppy	Rabbit	December 16th	honeybun	♀
Gala	https://vignette.wikia.nocookie.net/animalcrossing/images/8/87/NH-Gala_poster.png/revision/latest?cb=20200410185906	Normal	Pig	March 5th	snortie	♀
Gaston	https://vignette.wikia.nocookie.net/animalcrossing/images/6/6f/NH-Gaston_poster.png/revision/latest?cb=20200410185604	Cranky	Rabbit	October 28th	mon chou	♂
Gayle	https://vignette.wikia.nocookie.net/animalcrossing/images/e/ee/NH-Gayle_poster.png/revision/latest?cb=20200328205700	Normal	Alligator	May 17th	snacky	♀
Genji	https://vignette.wikia.nocookie.net/animalcrossing/images/7/70/NH-Genji_poster.png/revision/latest?cb=20200410185443	Jock	Rabbit	January 21st	mochi	♂
Gigi	https://vignette.wikia.nocookie.net/animalcrossing/images/4/44/NH-Gigi_poster.png/revision/latest?cb=20200328205712	Snooty	Frog	August 11th	ribette	♀
Gladys	https://vignette.wikia.nocookie.net/animalcrossing/images/6/65/NH-Gladys_poster.png/revision/latest?cb=20200410191858	Normal	Ostrich	January 15th	stretch	♀
Gloria	https://vignette.wikia.nocookie.net/animalcrossing/images/4/4d/NH-Gloria_poster.png/revision/latest?cb=20200328205726	Snooty	Duck	August 12th	quacker	♀
Goldie	https://vignette.wikia.nocookie.net/animalcrossing/images/e/e6/NH-Goldie_poster.png/revision/latest?cb=20200328205734	Normal	Dog	December 27th	woof	♀
Gonzo	https://vignette.wikia.nocookie.net/animalcrossing/images/d/de/NH-Gonzo_poster.png/revision/latest?cb=20200328205742	Cranky	Koala	October 13th	mate	♂
Goose	https://vignette.wikia.nocookie.net/animalcrossing/images/a/ab/NH-Goose_poster.png/revision/latest?cb=20200328205749	Jock	Chicken	October 4th	buh-kay	♂
Graham	https://vignette.wikia.nocookie.net/animalcrossing/images/c/cf/NH-Graham_poster.png/revision/latest?cb=20200328205755	Smug	Hamster	June 20th	indeed	♂
Greta	https://vignette.wikia.nocookie.net/animalcrossing/images/1/1c/NH-Greta_poster.png/revision/latest?cb=20200410192204	Snooty	Mouse	September 5th	yelp	♀
Grizzly	https://vignette.wikia.nocookie.net/animalcrossing/images/9/96/NH-Grizzly_poster.png/revision/latest?cb=20200328205814	Cranky	Bear	July 31st	grrr...	♂
Groucho	https://vignette.wikia.nocookie.net/animalcrossing/images/f/f7/NH-Groucho_poster.png/revision/latest?cb=20200328205820	Cranky	Bear	October 23rd	grumble	♂
Gruff	https://vignette.wikia.nocookie.net/animalcrossing/images/4/44/NH-Gruff_poster.png/revision/latest?cb=20200328205826	Cranky	Goat	August 29th	bleh eh eh	♂
Gwen	https://vignette.wikia.nocookie.net/animalcrossing/images/0/04/NH-Gwen_poster.png/revision/latest?cb=20200410190543	Snooty	Penguin	January 23rd	h-h-hon	♀
Hamlet	https://vignette.wikia.nocookie.net/animalcrossing/images/b/b2/NH-Hamlet_poster.png/revision/latest?cb=20200328205839	Jock	Hamster	May 30th	hammie	♂
Hamphrey	https://vignette.wikia.nocookie.net/animalcrossing/images/5/56/NH-Hamphrey_poster.png/revision/latest?cb=20200328205845	Cranky	Hamster	February 25th	snort	♂
Hans	https://vignette.wikia.nocookie.net/animalcrossing/images/e/eb/NH-Hans_poster.png/revision/latest?cb=20200328205852	Smug	Gorilla	December 5th	groovy	♂
Harry	https://vignette.wikia.nocookie.net/animalcrossing/images/8/8d/NH-Harry_poster.png/revision/latest?cb=20200328205858	Cranky	Hippo	January 7th	beach bum	♂
Hazel	https://vignette.wikia.nocookie.net/animalcrossing/images/4/48/NH-Hazel_poster.png/revision/latest?cb=20200410183827	Sisterly	Squirrel	August 30th	uni-wow	♀
Henry	https://vignette.wikia.nocookie.net/animalcrossing/images/2/24/NH-Henry_poster.png/revision/latest?cb=20200328205913	Smug	Frog	September 21st	snoozit	♂
Hippeux	https://vignette.wikia.nocookie.net/animalcrossing/images/a/a3/NH-Hippeux_poster.png/revision/latest?cb=20200328205920	Smug	Hippo	October 15th	natch	♂
Hopkins	https://vignette.wikia.nocookie.net/animalcrossing/images/0/00/NH-Hopkins_poster.png/revision/latest?cb=20200410185246	Lazy	Rabbit	March 11th	thumper	♂
Hopper	https://vignette.wikia.nocookie.net/animalcrossing/images/0/01/NH-Hopper_poster.png/revision/latest?cb=20200410190612	Cranky	Penguin	April 6th	slushie	♂
Hornsby	https://vignette.wikia.nocookie.net/animalcrossing/images/4/48/NH-Hornsby_poster.png/revision/latest?cb=20200410184934	Lazy	Rhino	March 20th	schnozzle	♂
Huck	https://vignette.wikia.nocookie.net/animalcrossing/images/b/ba/NH-Huck_poster.png/revision/latest?cb=20200328205949	Smug	Frog	July 9th	hopper	♂
Hugh	https://vignette.wikia.nocookie.net/animalcrossing/images/3/3e/NH-Hugh_poster.png/revision/latest?cb=20200410190230	Lazy	Pig	December 30th	snortle	♂
Iggly	https://vignette.wikia.nocookie.net/animalcrossing/images/4/48/NH-Iggly_poster.png/revision/latest?cb=20200410190437	Jock	Penguin	November 2nd	waddler	♂
Ike	https://vignette.wikia.nocookie.net/animalcrossing/images/3/33/NH-Ike_poster.png/revision/latest?cb=20200328210009	Cranky	Bear	May 16th	roadie	♂
JacobNAJakeyPAL	https://vignette.wikia.nocookie.net/animalcrossing/images/6/65/NH-Jacob_poster.png/revision/latest?cb=20200328230143	Lazy	Bird	August 24th	chuuuuurp	♂
Jacques	https://vignette.wikia.nocookie.net/animalcrossing/images/b/bf/NH-Jacques_poster.png/revision/latest?cb=20200328210027	Smug	Bird	June 22nd	zut alors	♂
Jambette	https://vignette.wikia.nocookie.net/animalcrossing/images/a/ab/NH-Jambette_poster.png/revision/latest?cb=20200328210041	Normal	Frog	October 27th	croak-kay	♀
Jay	https://vignette.wikia.nocookie.net/animalcrossing/images/e/e6/NH-Jay_poster.png/revision/latest?cb=20200328210056	Jock	Bird	July 17th	heeeeeyy	♂
Jeremiah	https://vignette.wikia.nocookie.net/animalcrossing/images/c/cd/NH-Jeremiah_poster.png/revision/latest?cb=20200328210103	Lazy	Frog	July 8th	nee-deep	♂
Jitters	https://vignette.wikia.nocookie.net/animalcrossing/images/d/de/NH-Jitters_poster.png/revision/latest?cb=20200328210109	Jock	Bird	February 2nd	bzzert	♂
Joey	https://vignette.wikia.nocookie.net/animalcrossing/images/e/e4/NH-Joey_poster.png/revision/latest?cb=20200328210116	Lazy	Duck	January 3rd	bleeeeeck	♂
Judy	https://vignette.wikia.nocookie.net/animalcrossing/images/5/50/NH-Judy_poster.png/revision/latest?cb=20200328210124	Snooty	Cub	March 10th	myohmy	♀
Julia	https://vignette.wikia.nocookie.net/animalcrossing/images/f/fc/NH-Julia_poster.png/revision/latest?cb=20200410191747	Snooty	Ostrich	July 31st	dahling	♀
Julian	https://vignette.wikia.nocookie.net/animalcrossing/images/f/f4/NH-Julian_poster.png/revision/latest?cb=20200410192747	Smug	Horse	March 15th	glitter	♂
June	https://vignette.wikia.nocookie.net/animalcrossing/images/9/90/NH-June_poster.png/revision/latest?cb=20200328210201	Normal	Cub	May 21st	rainbow	♀
Kabuki	https://vignette.wikia.nocookie.net/animalcrossing/images/f/f1/NH-Kabuki_poster.png/revision/latest?cb=20200410182309	Cranky	Cat	November 29th	meooo-OH	♂
Katt	https://vignette.wikia.nocookie.net/animalcrossing/images/e/ee/NH-Katt_poster.png/revision/latest?cb=20200410182946	Sisterly	Cat	April 27th	purrty	♀
Keaton	https://vignette.wikia.nocookie.net/animalcrossing/images/e/e5/NH-Keaton_poster.png/revision/latest?cb=20200422143413	Smug	Eagle	June 1st	wingo	♂
Ken	https://vignette.wikia.nocookie.net/animalcrossing/images/2/2d/NH-Ken_poster.png/revision/latest?cb=20200328215929	Smug	Chicken	December 23rd	no doubt	♂
Ketchup	https://vignette.wikia.nocookie.net/animalcrossing/images/e/e1/NH-Ketchup_poster.png/revision/latest?cb=20200328215936	Peppy	Duck	July 27th	bitty	♀
Kevin	https://vignette.wikia.nocookie.net/animalcrossing/images/2/20/NH-Kevin_poster.png/revision/latest?cb=20200410185817	Jock	Pig	April 26th	weeweewee	♂
Kid Cat	https://vignette.wikia.nocookie.net/animalcrossing/images/3/30/NH-Kid_Cat_poster.png/revision/latest?cb=20200410182348	Jock	Cat	August 1st	psst	♂
Kidd	https://vignette.wikia.nocookie.net/animalcrossing/images/4/46/NH-Kidd_poster.png/revision/latest?cb=20200328215958	Smug	Goat	June 28th	wut	♂
Kiki	https://vignette.wikia.nocookie.net/animalcrossing/images/3/34/NH-Kiki_poster.png/revision/latest?cb=20200410182200	Normal	Cat	October 8th	kitty cat	♀
Kitt	https://vignette.wikia.nocookie.net/animalcrossing/images/e/ed/NH-Kitt_poster.png/revision/latest?cb=20200328220013	Normal	Kangaroo	October 11th	child	♀
Kitty	https://vignette.wikia.nocookie.net/animalcrossing/images/7/7a/NH-Kitty_poster.png/revision/latest?cb=20200410182820	Snooty	Cat	February 15th	mrowrr	♀
Klaus	https://vignette.wikia.nocookie.net/animalcrossing/images/5/56/NH-Klaus_poster.png/revision/latest?cb=20200328220034	Smug	Bear	March 31st	strudel	♂
Knox	https://vignette.wikia.nocookie.net/animalcrossing/images/4/45/NH-Knox_poster.png/revision/latest?cb=20200328220041	Cranky	Chicken	November 23rd	cluckling	♂
Kody	https://vignette.wikia.nocookie.net/animalcrossing/images/3/30/NH-Kody_poster.png/revision/latest?cb=20200328220048	Jock	Cub	September 28th	grah-grah	♂
Kyle	https://vignette.wikia.nocookie.net/animalcrossing/images/9/93/NH-Kyle_poster.png/revision/latest?cb=20200410183323	Smug	Wolf	December 6th	alpha	♂
Leonardo	https://vignette.wikia.nocookie.net/animalcrossing/images/1/1a/NH-Leonardo_poster.png/revision/latest?cb=20200410183650	Jock	Tiger	May 15th	flexin	♂
Leopold	https://vignette.wikia.nocookie.net/animalcrossing/images/d/dc/NH-Leopold_poster.png/revision/latest?cb=20200410192806	Smug	Lion	August 14th	lion cub	♂
Lily	https://vignette.wikia.nocookie.net/animalcrossing/images/f/f0/NH-Lily_poster.png/revision/latest?cb=20200328220118	Normal	Frog	February 4th	toady	♀
Limberg	https://vignette.wikia.nocookie.net/animalcrossing/images/1/12/NH-Limberg_poster.png/revision/latest?cb=20200410192555	Cranky	Mouse	October 17th	squinky	♂
Lionel	https://vignette.wikia.nocookie.net/animalcrossing/images/b/b1/NH-Lionel_poster.png/revision/latest?cb=20200328220132	Smug	Lion	July 29th	precisely	♂
Lobo	https://vignette.wikia.nocookie.net/animalcrossing/images/f/f8/NH-Lobo_poster.png/revision/latest?cb=20200410183522	Cranky	Wolf	November 5th	ah-rooooo	♂
Lolly	https://vignette.wikia.nocookie.net/animalcrossing/images/b/b0/NH-Lolly_poster.png/revision/latest?cb=20200410182533	Normal	Cat	March 27th	bonbon	♀
Lopez	https://vignette.wikia.nocookie.net/animalcrossing/images/d/dc/NH-Lopez_poster.png/revision/latest?cb=20200328220213	Smug	Deer	August 20th	buckaroo	♂
Louie	https://vignette.wikia.nocookie.net/animalcrossing/images/1/13/NH-Louie_poster.png/revision/latest?cb=20200328220220	Jock	Gorilla	March 26th	hoo hoo ha	♂
Lucha	https://vignette.wikia.nocookie.net/animalcrossing/images/d/dc/NH-Lucha_poster.png/revision/latest?cb=20200328220226	Smug	Bird	December 12th	cacaw	♂
Lucky	https://vignette.wikia.nocookie.net/animalcrossing/images/4/4d/NH-Lucky_poster.png/revision/latest?cb=20200328220233	Lazy	Dog	November 4th	rrr-owch	♂
Lucy	https://vignette.wikia.nocookie.net/animalcrossing/images/1/14/NH-Lucy_poster.png/revision/latest?cb=20200410190214	Normal	Pig	June 2nd	snoooink	♀
Lyman	https://vignette.wikia.nocookie.net/animalcrossing/images/1/1a/NH-Lyman_poster.png/revision/latest?cb=20200328220247	Jock	Koala	October 12th	chips	♂
Mac	https://vignette.wikia.nocookie.net/animalcrossing/images/4/4d/NH-Mac_poster.png/revision/latest?cb=20200328220254	Jock	Dog	November 11th	woo woof	♂
Maddie	https://vignette.wikia.nocookie.net/animalcrossing/images/0/07/NH-Maddie_poster.png/revision/latest?cb=20200328220300	Peppy	Dog	January 11th	yippee	♀
Maelle	https://vignette.wikia.nocookie.net/animalcrossing/images/d/de/NH-Maelle_poster.png/revision/latest?cb=20200328220306	Snooty	Duck	April 8th	duckling	♀
Maggie	https://vignette.wikia.nocookie.net/animalcrossing/images/4/4f/NH-Maggie_poster.png/revision/latest?cb=20200410185952	Normal	Pig	September 3rd	schep	♀
Mallary	https://vignette.wikia.nocookie.net/animalcrossing/images/3/35/NH-Mallary_poster.png/revision/latest?cb=20200328220321	Snooty	Duck	November 17th	quackpth	♀
Maple	https://vignette.wikia.nocookie.net/animalcrossing/images/d/d1/NH-Maple_poster.png/revision/latest?cb=20200328220328	Normal	Cub	June 15th	honey	♀
Margie	https://vignette.wikia.nocookie.net/animalcrossing/images/f/ff/NH-Margie_poster.png/revision/latest?cb=20200328220349	Normal	Elephant	January 28th	tootie	♀
Marcel	https://vignette.wikia.nocookie.net/animalcrossing/images/e/e5/NH-Marcel_poster.png/revision/latest?cb=20200328220335	Lazy	Dog	December 31st	non	♂
Marcie	https://vignette.wikia.nocookie.net/animalcrossing/images/d/db/NH-Marcie_poster.png/revision/latest?cb=20200328220342	Normal	Kangaroo	May 31st	pouches	♀
Marina	https://vignette.wikia.nocookie.net/animalcrossing/images/f/fd/NH-Marina_poster.png/revision/latest?cb=20200410192009	Normal	Octopus	June 26th	blurp	♀
Marshal	https://vignette.wikia.nocookie.net/animalcrossing/images/e/e6/NH-Marshal_poster.png/revision/latest?cb=20200328220403	Smug	Squirrel	September 29th	sulky	♂
Mathilda	https://vignette.wikia.nocookie.net/animalcrossing/images/8/81/NH-Mathilda_poster.png/revision/latest?cb=20200328220410	Snooty	Kangaroo	November 12th	wee baby	♀
Megan	https://vignette.wikia.nocookie.net/animalcrossing/images/1/18/NH-Megan_poster.png/revision/latest?cb=20200328220444	Normal	Bear	March 13th	sundae	♀
Melba	https://vignette.wikia.nocookie.net/animalcrossing/images/5/57/NH-Melba_poster.png/revision/latest?cb=20200328220450	Normal	Koala	April 12th	toasty	♀
Merengue	https://vignette.wikia.nocookie.net/animalcrossing/images/9/9d/NH-Merengue_poster.png/revision/latest?cb=20200410184909	Normal	Rhino	March 19th	shortcake	♀
Merry	https://vignette.wikia.nocookie.net/animalcrossing/images/f/f0/NH-Merry_poster.png/revision/latest?cb=20200410182436	Peppy	Cat	June 29th	mweee	♀
Midge	https://vignette.wikia.nocookie.net/animalcrossing/images/8/86/NH-Midge_poster.png/revision/latest?cb=20200328220512	Normal	Bird	March 12th	tweedledee	♀
Mint	https://vignette.wikia.nocookie.net/animalcrossing/images/2/2a/NH-Mint_poster.png/revision/latest?cb=20200410184044	Snooty	Squirrel	May 2nd	ahhhhhh	♀
Mira	https://vignette.wikia.nocookie.net/animalcrossing/images/7/79/NH-Mira_poster.png/revision/latest?cb=20200410185049	Sisterly	Rabbit	July 6th	cottontail	♀
Miranda	https://vignette.wikia.nocookie.net/animalcrossing/images/f/f4/NH-Miranda_poster.png/revision/latest?cb=20200328220535	Snooty	Duck	April 23rd	quackulous	♀
Mitzi	https://vignette.wikia.nocookie.net/animalcrossing/images/2/20/NH-Mitzi_poster.png/revision/latest?cb=20200410182006	Normal	Cat	September 25th	mew	♀
Moe	https://vignette.wikia.nocookie.net/animalcrossing/images/7/7e/NH-Moe_poster.png/revision/latest?cb=20200410182701	Lazy	Cat	January 12th	myawn	♂
Molly	https://vignette.wikia.nocookie.net/animalcrossing/images/0/00/NH-Molly_poster.png/revision/latest?cb=20200328220554	Normal	Duck	March 7th	quackidee	♀
Monique	https://vignette.wikia.nocookie.net/animalcrossing/images/d/d3/NH-Monique_poster.png/revision/latest?cb=20200410182724	Snooty	Cat	September 30th	pffffft	♀
Monty	https://vignette.wikia.nocookie.net/animalcrossing/images/2/2b/NH-Monty_poster.png/revision/latest?cb=20200328220609	Cranky	Monkey	December 7th	g'tang	♂
Moose	https://vignette.wikia.nocookie.net/animalcrossing/images/b/b2/NH-Moose_poster.png/revision/latest?cb=20200410192236	Jock	Mouse	September 13th	shorty	♂
Mott	https://vignette.wikia.nocookie.net/animalcrossing/images/6/66/NH-Mott_poster.png/revision/latest?cb=20200328220623	Jock	Lion	July 10th	cagey	♂
Muffy	https://vignette.wikia.nocookie.net/animalcrossing/images/7/70/NH-Muffy_poster.png/revision/latest?cb=20200410184450	Sisterly	Sheep	February 14th	nightshade	♀
Murphy	https://vignette.wikia.nocookie.net/animalcrossing/images/6/69/NH-Murphy_poster.png/revision/latest?cb=20200328220636	Cranky	Cub	December 29th	laddie	♂
Nan	https://vignette.wikia.nocookie.net/animalcrossing/images/d/de/NH-Nan_poster.png/revision/latest?cb=20200328224025	Normal	Goat	August 24th	kid	♀
Nana	https://vignette.wikia.nocookie.net/animalcrossing/images/6/64/NH-Nana_poster.png/revision/latest?cb=20200328224032	Normal	Monkey	August 23rd	po po	♀
Naomi	https://vignette.wikia.nocookie.net/animalcrossing/images/9/97/NH-Naomi_poster.png/revision/latest?cb=20200328224038	Snooty	Cow	February 28th	moolah	♀
Nate	https://vignette.wikia.nocookie.net/animalcrossing/images/1/1a/NH-Nate_poster.png/revision/latest?cb=20200328224048	Lazy	Bear	August 16th	yawwwn	♂
Nibbles	https://vignette.wikia.nocookie.net/animalcrossing/images/d/d5/NH-Nibbles_poster.png/revision/latest?cb=20200410184229	Peppy	Squirrel	July 19th	niblet	♀
Norma	https://vignette.wikia.nocookie.net/animalcrossing/images/9/94/NH-Norma_poster.png/revision/latest?cb=20200328224124	Normal	Cow	September 20th	hoof hoo	♀
Octavian	https://vignette.wikia.nocookie.net/animalcrossing/images/8/82/NH-Octavian_poster.png/revision/latest?cb=20200410192036	Cranky	Octopus	September 20th	sucker	♂
O'Hare	https://vignette.wikia.nocookie.net/animalcrossing/images/5/57/NH-O%27Hare_poster.png/revision/latest?cb=20200410185212	Smug	Rabbit	July 24th	amigo	♂
Olaf	https://vignette.wikia.nocookie.net/animalcrossing/images/5/5c/NH-Olaf_poster.png/revision/latest?cb=20200328224144	Smug	Anteater	May 19th	whiffa	♂
Olive	https://vignette.wikia.nocookie.net/animalcrossing/images/f/fd/NH-Olive_poster.png/revision/latest?cb=20200328224150	Normal	Cub	July 12th	sweet pea	♀
Olivia	https://vignette.wikia.nocookie.net/animalcrossing/images/5/5a/NH-Olivia_poster.png/revision/latest?cb=20200410182136	Snooty	Cat	February 3rd	purrr	♀
Opal	https://vignette.wikia.nocookie.net/animalcrossing/images/7/73/NH-Opal_poster.png/revision/latest?cb=20200328224203	Snooty	Elephant	January 20th	snoot	♀
Ozzie	https://vignette.wikia.nocookie.net/animalcrossing/images/2/2c/NH-Ozzie_poster.png/revision/latest?cb=20200328224210	Lazy	Koala	May 7th	ol' bear	♂
Pancetti	https://vignette.wikia.nocookie.net/animalcrossing/images/4/49/NH-Pancetti_poster.png/revision/latest?cb=20200410185802	Snooty	Pig	November 14th	sooey	♀
Pango	https://vignette.wikia.nocookie.net/animalcrossing/images/d/d3/NH-Pango_poster.png/revision/latest?cb=20200328224224	Peppy	Anteater	November 9th	snooooof	♀
Papi	https://vignette.wikia.nocookie.net/animalcrossing/images/6/6d/NH-Papi_poster.png/revision/latest?cb=20200328224238	Lazy	Horse	January 10th	haaay	♂
Paolo	https://vignette.wikia.nocookie.net/animalcrossing/images/f/fc/NH-Paolo_poster.png/revision/latest?cb=20200328224231	Lazy	Elephant	May 5th	pal	♂
Pashmina	https://vignette.wikia.nocookie.net/animalcrossing/images/2/29/NH-Pashmina_poster.png/revision/latest?cb=20200328224245	Sisterly	Goat	December 26th	kidders	♀
Pate	https://vignette.wikia.nocookie.net/animalcrossing/images/2/20/NH-Pate_poster.png/revision/latest?cb=20200328224252	Peppy	Duck	February 23rd	quackle	♀
Patty	https://vignette.wikia.nocookie.net/animalcrossing/images/f/f8/NH-Patty_poster.png/revision/latest?cb=20200328224259	Peppy	Cow	May 10th	how-now	♀
Paula	https://vignette.wikia.nocookie.net/animalcrossing/images/7/79/NH-Paula_poster.png/revision/latest?cb=20200328224313	Sisterly	Bear	March 22nd	yodelay	♀
Peaches	https://vignette.wikia.nocookie.net/animalcrossing/images/8/8a/NH-Peaches_poster.png/revision/latest?cb=20200328224320	Normal	Horse	November 28th	neighbor	♀
Peanut	https://vignette.wikia.nocookie.net/animalcrossing/images/6/68/NH-Peanut_poster.png/revision/latest?cb=20200422143345	Peppy	Squirrel	June 8th	slacker	♀
Pecan	https://vignette.wikia.nocookie.net/animalcrossing/images/4/48/NH-Pecan_poster.png/revision/latest?cb=20200410184245	Snooty	Squirrel	September 10th	chipmunk	♀
Peck	https://vignette.wikia.nocookie.net/animalcrossing/images/d/d8/NH-Peck_poster.png/revision/latest?cb=20200328224342	Jock	Bird	July 25th	crunch	♂
Peewee	https://vignette.wikia.nocookie.net/animalcrossing/images/c/cb/NH-Peewee_poster.png/revision/latest?cb=20200328224348	Cranky	Gorilla	September 11th	li'l dude	♂
Peggy	https://vignette.wikia.nocookie.net/animalcrossing/images/a/a1/NH-Peggy_poster.png/revision/latest?cb=20200410185931	Peppy	Pig	May 23rd	shweetie	♀
Pekoe	https://vignette.wikia.nocookie.net/animalcrossing/images/6/6a/NH-Pekoe_poster.png/revision/latest?cb=20200328224404	Normal	Cub	May 18th	bud	♀
Penelope	https://vignette.wikia.nocookie.net/animalcrossing/images/7/72/NH-Penelope_poster.png/revision/latest?cb=20200410192138	Peppy	Mouse	February 5th	oh bow	♀
Phil	https://vignette.wikia.nocookie.net/animalcrossing/images/2/26/NH-Phil_poster.png/revision/latest?cb=20200410191701	Smug	Ostrich	November 27th	hurk	♂
Phoebe	https://vignette.wikia.nocookie.net/animalcrossing/images/8/8b/NH-Phoebe_poster.png/revision/latest?cb=20200410191547	Sisterly	Ostrich	April 22nd	sparky	♀
Pierce	https://vignette.wikia.nocookie.net/animalcrossing/images/8/8f/NH-Pierce_poster.png/revision/latest?cb=20200410191226	Jock	Eagle	January 8th	hawkeye	♂
Pietro	https://vignette.wikia.nocookie.net/animalcrossing/images/2/21/NH-Pietro_poster.png/revision/latest?cb=20200328224436	Smug	Sheep	April 19th	honk honk	♂
Pinky	https://vignette.wikia.nocookie.net/animalcrossing/images/e/ea/NH-Pinky_poster.png/revision/latest?cb=20200328224443	Peppy	Bear	September 9th	wah	♀
Piper	https://vignette.wikia.nocookie.net/animalcrossing/images/4/47/NH-Piper_poster.png/revision/latest?cb=20200328224453	Peppy	Bird	April 18th	chickadee	♀
Pippy	https://vignette.wikia.nocookie.net/animalcrossing/images/8/8c/NH-Pippy_poster.png/revision/latest?cb=20200410185526	Peppy	Rabbit	June 14th	li'l hare	♀
Plucky	https://vignette.wikia.nocookie.net/animalcrossing/images/6/62/NH-Plucky_poster.png/revision/latest?cb=20200328224508	Sisterly	Chicken	October 12th	chicky-poo	♀
Pompom	https://vignette.wikia.nocookie.net/animalcrossing/images/1/18/NH-Pompom_poster.png/revision/latest?cb=20200328224515	Peppy	Duck	February 11th	rah rah	♀
Poncho	https://vignette.wikia.nocookie.net/animalcrossing/images/e/ea/NH-Poncho_poster.png/revision/latest?cb=20200328224521	Jock	Cub	January 2nd	li'l bear	♂
Poppy	https://vignette.wikia.nocookie.net/animalcrossing/images/5/5c/NH-Poppy_poster.png/revision/latest?cb=20200410183916	Normal	Squirrel	August 5th	nutty	♀
Portia	https://vignette.wikia.nocookie.net/animalcrossing/images/7/79/NH-Portia_poster.png/revision/latest?cb=20200328224542	Snooty	Dog	October 25th	ruffian	♀
Prince	https://vignette.wikia.nocookie.net/animalcrossing/images/0/0b/NH-Prince_poster.png/revision/latest?cb=20200328224548	Lazy	Frog	July 21st	burrup	♂
Puck	https://vignette.wikia.nocookie.net/animalcrossing/images/5/52/NH-Puck_poster.png/revision/latest?cb=20200410190527	Lazy	Penguin	February 21st	brrrrrrrrr	♂
Puddles	https://vignette.wikia.nocookie.net/animalcrossing/images/7/78/NH-Puddles_poster.png/revision/latest?cb=20200328224601	Peppy	Frog	January 13th	splish	♀
Pudge	https://vignette.wikia.nocookie.net/animalcrossing/images/2/2b/NH-Pudge_poster.png/revision/latest?cb=20200328224608	Lazy	Cub	June 11th	pudgy	♂
Punchy	https://vignette.wikia.nocookie.net/animalcrossing/images/d/d2/NH-Punchy_poster.png/revision/latest?cb=20200410182252	Lazy	Cat	April 11th	mrmpht	♂
Purrl	https://vignette.wikia.nocookie.net/animalcrossing/images/3/3d/NH-Purrl_poster.png/revision/latest?cb=20200410182641	Snooty	Cat	May 29th	kitten	♀
Queenie	https://vignette.wikia.nocookie.net/animalcrossing/images/c/c6/NH-Queenie_poster.png/revision/latest?cb=20200410191922	Snooty	Ostrich	November 13th	chicken	♀
Quillson	https://vignette.wikia.nocookie.net/animalcrossing/images/6/69/NH-Quillson_poster.png/revision/latest?cb=20200328224634	Smug	Duck	December 22nd	ridukulous	♂
Raddle	https://vignette.wikia.nocookie.net/animalcrossing/images/5/5b/NH-Raddle_poster.png/revision/latest?cb=20200328231704	Lazy	Frog	June 6th	aaach-	♂
Rasher	https://vignette.wikia.nocookie.net/animalcrossing/images/b/ba/NH-Rasher_poster.png/revision/latest?cb=20200410190250	Cranky	Pig	April 7th	swine	♂
Raymond	https://vignette.wikia.nocookie.net/animalcrossing/images/8/8e/NH-Raymond_poster.png/revision/latest?cb=20200416234103	Smug	Cat	October 1st	crisp	♂
Renée	https://vignette.wikia.nocookie.net/animalcrossing/images/d/d8/NH-Ren%C3%A9e_poster.png/revision/latest?cb=20200328231724	Sisterly	Rhino	May 28th	yo yo yo	♀
Reneigh	https://vignette.wikia.nocookie.net/animalcrossing/images/3/33/NH-Reneigh_poster.png/revision/latest?cb=20200328231731	Sisterly	Horse	June 4th	ayup, yup	♀
Rex	https://vignette.wikia.nocookie.net/animalcrossing/images/a/a7/NH-Rex_poster.png/revision/latest?cb=20200328231738	Lazy	Lion	July 24th	cool cat	♂
Rhonda	https://vignette.wikia.nocookie.net/animalcrossing/images/1/12/NH-Rhonda_poster.png/revision/latest?cb=20200410185017	Normal	Rhino	January 24th	bigfoot	♀
Ribbot	https://vignette.wikia.nocookie.net/animalcrossing/images/4/4e/NH-Ribbot_poster.png/revision/latest?cb=20200328231752	Jock	Frog	February 13th	zzrrbbitt	♂
Ricky	https://vignette.wikia.nocookie.net/animalcrossing/images/6/6b/NH-Ricky_poster.png/revision/latest?cb=20200410184030	Cranky	Squirrel	September 14th	nutcase	♂
Rizzo	https://vignette.wikia.nocookie.net/animalcrossing/images/9/93/NH-Rizzo_poster.png/revision/latest?cb=20200410192330	Cranky	Mouse	January 17th	squee	♂
Roald	https://vignette.wikia.nocookie.net/animalcrossing/images/4/4f/NH-Roald_poster.png/revision/latest?cb=20200410190858	Jock	Penguin	January 5th	b-b-buddy	♂
Robin	https://vignette.wikia.nocookie.net/animalcrossing/images/6/62/NH-Robin_poster.png/revision/latest?cb=20200328231820	Snooty	Bird	December 4th	la-di-da	♀
Rocco	https://vignette.wikia.nocookie.net/animalcrossing/images/3/32/NH-Rocco_poster.png/revision/latest?cb=20200328231827	Cranky	Hippo	August 18th	hippie	♂
Rocket	https://vignette.wikia.nocookie.net/animalcrossing/images/d/d3/NH-Rocket_poster.png/revision/latest?cb=20200328231834	Sisterly	Gorilla	April 14th	vroom	♀
Rod	https://vignette.wikia.nocookie.net/animalcrossing/images/1/10/NH-Rod_poster.png/revision/latest?cb=20200410192406	Jock	Mouse	August 14th	ace	♂
Rodeo	https://vignette.wikia.nocookie.net/animalcrossing/images/1/15/NH-Rodeo_poster.png/revision/latest?cb=20200328231847	Lazy	Bull	October 29th	chaps	♂
Rodney	https://vignette.wikia.nocookie.net/animalcrossing/images/5/58/NH-Rodney_poster.png/revision/latest?cb=20200328231854	Smug	Hamster	November 10th	le ham	♂
Rolf	https://vignette.wikia.nocookie.net/animalcrossing/images/5/5c/NH-Rolf_poster.png/revision/latest?cb=20200410183806	Cranky	Tiger	August 22nd	grrrolf	♂
Rooney	https://vignette.wikia.nocookie.net/animalcrossing/images/3/36/NH-Rooney_poster.png/revision/latest?cb=20200328231908	Cranky	Kangaroo	December 1st	punches	♂
Rory	https://vignette.wikia.nocookie.net/animalcrossing/images/f/f3/NH-Rory_poster.png/revision/latest?cb=20200328231915	Jock	Lion	August 7th	capital	♂
Roscoe	https://vignette.wikia.nocookie.net/animalcrossing/images/0/01/NH-Roscoe_poster.png/revision/latest?cb=20200328231940	Cranky	Horse	June 16th	nay	♂
Rosie	https://vignette.wikia.nocookie.net/animalcrossing/images/4/46/NH-Rosie_poster.png/revision/latest?cb=20200410182055	Peppy	Cat	February 27th	silly	♀
Rowan	https://vignette.wikia.nocookie.net/animalcrossing/images/4/41/NH-Rowan_poster.png/revision/latest?cb=20200410183742	Jock	Tiger	August 26th	mango	♂
Ruby	https://vignette.wikia.nocookie.net/animalcrossing/images/5/5c/NH-Ruby_poster.png/revision/latest?cb=20200410185420	Peppy	Rabbit	December 25th	li'l ears	♀
Rudy	https://vignette.wikia.nocookie.net/animalcrossing/images/c/c1/NH-Rudy_poster.png/revision/latest?cb=20200410182928	Jock	Cat	December 20th	mush	♂
Sally	https://vignette.wikia.nocookie.net/animalcrossing/images/5/5d/NH-Sally_poster.png/revision/latest?cb=20200410184136	Normal	Squirrel	June 19th	nutmeg	♀
Samson	https://vignette.wikia.nocookie.net/animalcrossing/images/d/d7/NH-Samson_poster.png/revision/latest?cb=20200410192424	Jock	Mouse	July 5th	pipsqueak	♂
Sandy	https://vignette.wikia.nocookie.net/animalcrossing/images/9/93/NH-Sandy_poster.png/revision/latest?cb=20200410191836	Normal	Ostrich	October 21st	speedy	♀
Savannah	https://vignette.wikia.nocookie.net/animalcrossing/images/1/10/NH-Savannah_poster.png/revision/latest?cb=20200328232034	Normal	Horse	January 25th	y'all	♀
Scoot	https://vignette.wikia.nocookie.net/animalcrossing/images/9/9d/NH-Scoot_poster.png/revision/latest?cb=20200328232040	Jock	Duck	June 13th	zip zoom	♂
Shari	https://vignette.wikia.nocookie.net/animalcrossing/images/4/47/NH-Shari_poster.png/revision/latest?cb=20200410192655	Sisterly	Monkey	April 10th	cheeky	♀
Sheldon	https://vignette.wikia.nocookie.net/animalcrossing/images/8/8e/NH-Sheldon_poster.png/revision/latest?cb=20200410183900	Jock	Squirrel	February 26th	cardio	♂
Shep	https://vignette.wikia.nocookie.net/animalcrossing/images/e/e9/NH-Shep_poster.png/revision/latest?cb=20200328232109	Smug	Dog	November 24th	baa baa baa	♂
Sherb	https://vignette.wikia.nocookie.net/animalcrossing/images/3/31/NH-Sherb_poster.png/revision/latest?cb=20200328232132	Lazy	Goat	January 18th	bawwww	♂
Simon	https://vignette.wikia.nocookie.net/animalcrossing/images/6/6a/NH-Simon_poster.png/revision/latest?cb=20200328232139	Lazy	Monkey	January 19th	zzzook	♂
Skye	https://vignette.wikia.nocookie.net/animalcrossing/images/1/10/NH-Skye_poster.png/revision/latest?cb=20200410183340	Normal	Wolf	March 24th	airmail	♀
Sly	https://vignette.wikia.nocookie.net/animalcrossing/images/7/7f/NH-Sly_poster.png/revision/latest?cb=20200328232206	Jock	Alligator	November 15th	hoo-rah	♂
Snake	https://vignette.wikia.nocookie.net/animalcrossing/images/2/2c/NH-Snake_poster.png/revision/latest?cb=20200410185619	Jock	Rabbit	November 3rd	bunyip	♂
Snooty	https://vignette.wikia.nocookie.net/animalcrossing/images/d/d2/NH-Snooty_poster.png/revision/latest?cb=20200328232219	Snooty	Anteater	August 24th	snifffff	♀
Soleil	https://vignette.wikia.nocookie.net/animalcrossing/images/9/9f/NH-Soleil_poster.png/revision/latest?cb=20200328232229	Snooty	Hamster	August 9th	tarnation	♀
Sparro	https://vignette.wikia.nocookie.net/animalcrossing/images/6/69/NH-Sparro_poster.png/revision/latest?cb=20200328232235	Jock	Bird	November 20th	like whoa	♂
Spike	https://vignette.wikia.nocookie.net/animalcrossing/images/9/95/NH-Spike_poster.png/revision/latest?cb=20200410185000	Cranky	Rhino	June 17th	punk	♂
SporkNACracklePAL	https://vignette.wikia.nocookie.net/animalcrossing/images/d/db/NH-Spork_poster.png/revision/latest?cb=20200328193112	Lazy	Pig	September 3rd	snork	♂
Sprinkle	https://vignette.wikia.nocookie.net/animalcrossing/images/e/e5/NH-Sprinkle_poster.png/revision/latest?cb=20200410190333	Peppy	Penguin	February 20th	frappe	♀
Sprocket	https://vignette.wikia.nocookie.net/animalcrossing/images/e/e6/NH-Sprocket_poster.png/revision/latest?cb=20200410191806	Jock	Ostrich	December 1st	zort	♂
Static	https://vignette.wikia.nocookie.net/animalcrossing/images/f/ff/NH-Static_poster.png/revision/latest?cb=20200410184107	Cranky	Squirrel	July 9th	krzzt	♂
Stella	https://vignette.wikia.nocookie.net/animalcrossing/images/5/50/NH-Stella_poster.png/revision/latest?cb=20200410184731	Normal	Sheep	April 9th	baa-dabing	♀
Sterling	https://vignette.wikia.nocookie.net/animalcrossing/images/0/0a/NH-Sterling_poster.png/revision/latest?cb=20200410191029	Jock	Eagle	December 11th	skraaaaw	♂
Stinky	https://vignette.wikia.nocookie.net/animalcrossing/images/c/cc/NH-Stinky_poster.png/revision/latest?cb=20200422143457	Jock	Cat	August 17th	GAHHHH	♂
Stitches	https://vignette.wikia.nocookie.net/animalcrossing/images/0/0a/NH-Stitches_poster.png/revision/latest?cb=20200328232329	Lazy	Cub	February 10th	stuffin'	♂
Stu	https://vignette.wikia.nocookie.net/animalcrossing/images/f/fc/NH-Stu_poster.png/revision/latest?cb=20200328232336	Lazy	Bull	April 20th	moo-dude	♂
Sydney	https://vignette.wikia.nocookie.net/animalcrossing/images/f/f6/NH-Sydney_poster.png/revision/latest?cb=20200328232343	Normal	Koala	June 21st	sunshine	♀
Sylvana	https://vignette.wikia.nocookie.net/animalcrossing/images/4/41/NH-Sylvana_poster.png/revision/latest?cb=20200410183935	Normal	Squirrel	October 22nd	hubbub	♀
Sylvia	https://vignette.wikia.nocookie.net/animalcrossing/images/4/4b/NH-Sylvia_poster.png/revision/latest?cb=20200328232357	Sisterly	Kangaroo	May 3rd	boing	♀
Tabby	https://vignette.wikia.nocookie.net/animalcrossing/images/d/d7/NH-Tabby_poster.png/revision/latest?cb=20200410182747	Peppy	Cat	August 13th	me-WOW	♀
Tad	https://vignette.wikia.nocookie.net/animalcrossing/images/c/c8/NH-Tad_poster.png/revision/latest?cb=20200328233440	Jock	Frog	August 3rd	sluuuurp	♂
Tammi	https://vignette.wikia.nocookie.net/animalcrossing/images/d/d1/NH-Tammi_poster.png/revision/latest?cb=20200328233446	Peppy	Monkey	April 2nd	chimpy	♀
Tammy	https://vignette.wikia.nocookie.net/animalcrossing/images/6/66/NH-Tammy_poster.png/revision/latest?cb=20200328233452	Sisterly	Cub	June 23rd	ya heard	♀
Tangy	https://vignette.wikia.nocookie.net/animalcrossing/images/c/c8/NH-Tangy_poster.png/revision/latest?cb=20200410182223	Peppy	Cat	June 17th	reeeeOWR	♀
Tank	https://vignette.wikia.nocookie.net/animalcrossing/images/e/eb/NH-Tank_poster.png/revision/latest?cb=20200410185033	Jock	Rhino	May 6th	kerPOW	♂
T-Bone	https://vignette.wikia.nocookie.net/animalcrossing/images/c/ca/NH-T-Bone_poster.png/revision/latest?cb=20200328233520	Cranky	Bull	May 20th	moocher	♂
Tasha	https://vignette.wikia.nocookie.net/animalcrossing/images/d/d3/NH-Tasha_poster.png/revision/latest?cb=20200416234123	Snooty	Squirrel	November 30th	nice nice	♀
Teddy	https://vignette.wikia.nocookie.net/animalcrossing/images/1/11/NH-Teddy_poster.png/revision/latest?cb=20200328233527	Jock	Bear	September 26th	grooof	♂
Tex	https://vignette.wikia.nocookie.net/animalcrossing/images/a/a1/NH-Tex_poster.png/revision/latest?cb=20200410190412	Smug	Penguin	October 6th	picante	♂
Tia	https://vignette.wikia.nocookie.net/animalcrossing/images/4/41/NH-Tia_poster.png/revision/latest?cb=20200328233543	Normal	Elephant	November 18th	teacup	♀
Tiffany	https://vignette.wikia.nocookie.net/animalcrossing/images/f/fb/NH-Tiffany_poster.png/revision/latest?cb=20200410185508	Snooty	Rabbit	January 9th	bun bun	♀
Timbra	https://vignette.wikia.nocookie.net/animalcrossing/images/6/6a/NH-Timbra_poster.png/revision/latest?cb=20200410184616	Snooty	Sheep	October 21st	pine nut	♀
Tipper	https://vignette.wikia.nocookie.net/animalcrossing/images/6/64/NH-Tipper_poster.png/revision/latest?cb=20200328233604	Snooty	Cow	August 25th	pushy	♀
Tom	https://vignette.wikia.nocookie.net/animalcrossing/images/7/7d/NH-Tom_poster.png/revision/latest?cb=20200410182901	Cranky	Cat	December 10th	me-YOWZA	♂
Truffles	https://vignette.wikia.nocookie.net/animalcrossing/images/c/c9/NH-Truffles_poster.png/revision/latest?cb=20200328233618	Peppy	Pig	July 28th	snoutie	♀
Tucker	https://vignette.wikia.nocookie.net/animalcrossing/images/3/32/NH-Tucker_poster.png/revision/latest?cb=20200328233625	Lazy	Elephant	September 7th	fuzzers	♂
Tutu	https://vignette.wikia.nocookie.net/animalcrossing/images/9/95/NH-Tutu_poster.png/revision/latest?cb=20200328233631	Peppy	Bear	November 15th	twinkles	♀
Twiggy	https://vignette.wikia.nocookie.net/animalcrossing/images/5/52/NH-Twiggy_poster.png/revision/latest?cb=20200328233643	Peppy	Bird	July 13th	cheepers	♀
Tybalt	https://vignette.wikia.nocookie.net/animalcrossing/images/d/dc/NH-Tybalt_poster.png/revision/latest?cb=20200410183724	Jock	Tiger	August 19th	grrRAH	♂
Ursala	https://vignette.wikia.nocookie.net/animalcrossing/images/2/23/NH-Ursala_poster.png/revision/latest?cb=20200328233702	Sisterly	Bear	January 16th	grooomph	♀
Velma	https://vignette.wikia.nocookie.net/animalcrossing/images/1/17/NH-Velma_poster.png/revision/latest?cb=20200328233708	Snooty	Goat	January 14th	blih	♀
Vesta	https://vignette.wikia.nocookie.net/animalcrossing/images/8/8f/NH-Vesta_poster.png/revision/latest?cb=20200410184828	Normal	Sheep	April 16th	baaaffo	♀
Vic	https://vignette.wikia.nocookie.net/animalcrossing/images/b/b9/NH-Vic_poster.png/revision/latest?cb=20200328233722	Cranky	Bull	December 29th	cud	♂
Victoria	https://vignette.wikia.nocookie.net/animalcrossing/images/4/46/NH-Victoria_poster.png/revision/latest?cb=20200328233729	Peppy	Horse	July 11th	sugar cube	♀
Violet	https://vignette.wikia.nocookie.net/animalcrossing/images/b/b7/NH-Violet_poster.png/revision/latest?cb=20200328233736	Snooty	Gorilla	September 1st	sweetie	♀
Vivian	https://vignette.wikia.nocookie.net/animalcrossing/images/d/d2/NH-Vivian_poster.png/revision/latest?cb=20200410183210	Snooty	Wolf	January 26th	piffle	♀
Vladimir	https://vignette.wikia.nocookie.net/animalcrossing/images/7/7c/NH-Vladimir_poster.png/revision/latest?cb=20200328233749	Cranky	Cub	August 2nd	nyet	♂
Wade	https://vignette.wikia.nocookie.net/animalcrossing/images/8/8e/NH-Wade_poster.png/revision/latest?cb=20200410190514	Lazy	Penguin	October 30th	so it goes	♂
Walker	https://vignette.wikia.nocookie.net/animalcrossing/images/e/e0/NH-Walker_poster.png/revision/latest?cb=20200328233803	Lazy	Dog	June 10th	wuh	♂
Walt	https://vignette.wikia.nocookie.net/animalcrossing/images/3/3a/NH-Walt_poster.png/revision/latest?cb=20200328233810	Cranky	Kangaroo	April 24th	pockets	♂
Wart Jr.	https://vignette.wikia.nocookie.net/animalcrossing/images/f/f7/NH-Wart_Jr._poster.png/revision/latest?cb=20200328233816	Cranky	Frog	August 21st	grr-ribbit	♂
Weber	https://vignette.wikia.nocookie.net/animalcrossing/images/5/54/NH-Weber_poster.png/revision/latest?cb=20200328233823	Lazy	Duck	June 30th	quaa	♂
Wendy	https://vignette.wikia.nocookie.net/animalcrossing/images/4/4e/NH-Wendy_poster.png/revision/latest?cb=20200410184538	Peppy	Sheep	August 15th	lambkins	♀
Winnie	https://vignette.wikia.nocookie.net/animalcrossing/images/7/76/NH-Winnie_poster.png/revision/latest?cb=20200328233850	Peppy	Horse	January 31st	hay-OK	♀
Whitney	https://vignette.wikia.nocookie.net/animalcrossing/images/b/b0/NH-Whitney_poster.png/revision/latest?cb=20200410183425	Snooty	Wolf	September 17th	snappy	♀
Willow	https://vignette.wikia.nocookie.net/animalcrossing/images/0/05/NH-Willow_poster.png/revision/latest?cb=20200410184651	Snooty	Sheep	November 26th	bo peep	♀
Wolfgang	https://vignette.wikia.nocookie.net/animalcrossing/images/1/19/NH-Wolfgang_poster.png/revision/latest?cb=20200410183450	Cranky	Wolf	November 25th	snarrrl	♂
Yuka	https://vignette.wikia.nocookie.net/animalcrossing/images/b/b6/NH-Yuka_poster.png/revision/latest?cb=20200328233904	Snooty	Koala	July 20th	tsk tsk	♀
Zell	https://vignette.wikia.nocookie.net/animalcrossing/images/c/c8/NH-Zell_poster.png/revision/latest?cb=20200328233911	Smug	Deer	June 7th	pronk	♂
Zucker	https://vignette.wikia.nocookie.net/animalcrossing/images/1/10/NH-Zucker_poster.png/revision/latest?cb=20200416233351	Lazy	Octopus	March 8th	bloop	♂
